country,dealer,website,listings_url,classe,found,valid
DE,A + C Auto Classic,http://www.ac-autoclassic.de,http://www.ac-autoclassic.de/index.php/de/fahrzeuge,READY,9,3
DE,AC classics,http://www.ac-classics.de,http://www.ac-classics.de,READY,5,3
DE,Adelman Sportwagen,https://sportwagen-adelmann.de,https://sportwagen-adelmann.de/fahrzeugangebot/,READY,13,3
DE,AixClusive cars ’n more GmbH & Co. KG,https://www.aixclusive.com,https://www.aixclusive.com,WATCH_JS,0,0
DE,Andy’s Classic Cars,https://www.andys-classic-cars.de,https://www.andys-classic-cars.de,NEEDS_CSS,4,0
DE,AnMark Classic,http://anmarkclassic.de,http://anmarkclassic.de,WATCH_JS,0,0
DE,Arden Automobilbau GmbH,https://www.arden.de,https://www.arden.de,NEEDS_CSS,6,0
DE,Arnold Classic GmbH,https://www.arnold-classic.com,https://www.arnold-classic.com,READY,6,2
DE,Auto Salon Singen GmbH,https://www.auto-salon-singen.de,https://www.auto-salon-singen.de/en/vehiclereferences,READY,8,2
DE,Autohaus Hans Saturski GmbH,https://autohaus-saturski.de,https://autohaus-saturski.de,WATCH_JS,0,0
DE,Automakler Nordheide,https://automakler-nordheide.de,https://automakler-nordheide.de,WATCH_JS,0,0
DE,Automobile Zeitreise,https://www.automobile-zeitreise.de,https://www.automobile-zeitreise.de,NEEDS_CSS,7,0
DE,Automobilia Fabrik,http://www.automobilia-fabrik.de,http://www.automobilia-fabrik.de,WATCH_JS,0,0
DE,Autosalon Isartal,http://www.autosalon-isartal.de,http://www.autosalon-isartal.de,NEEDS_CSS,20,0
DE,AutoSL,https://autosl.de,https://autosl.de/fahrzeugsuche/,NEEDS_CSS,3,0
DE,AutoToyStore GmbH,http://www.autotoystore.de,https://autotoystore.de/showroom-360,NEEDS_CSS,9,0
DE,Axel Schuette Fine Cars,https://axelschuette.de,https://axelschuette.de/cars-for-sale/,NEEDS_CSS,26,0
DE,Bastian Voigt Collectors Cars GmbH,https://www.bastianvoigt.de,https://www.bastianvoigt.de,WATCH_JS,0,0
DE,BFC-Cars,https://bfc-cars.de,https://bfc-cars.de,WATCH_JS,0,0
DE,Bratke Exclusive Cars,https://bratke.de,https://bratke.de,WATCH_JS,0,0
DE,C.O.G. Classics GmbH Düsseldorf,https://www.cog-classics.com,https://www.cog-classics.com/oldtimer-kaufen,READY,4,3
DE,Car Classics Cologne GmbH,https://car-classics.de,https://car-classics.de,WATCH_JS,0,0
DE,Car Range Automobile GmbH,http://www.car-range.de,http://www.car-range.de,NEEDS_CSS,14,0
DE,Carruca GmbH,https://www.carruca.com,https://www.carruca.com,WATCH_JS,0,0
DE,Chromecars,https://www.chromecars.de,https://www.chromecars.de/fahrzeuge/,NEEDS_CSS,107,0
DE,Classic Carage Celle,https://www.classicgaragecelle.de,https://www.classicgaragecelle.de,READY,24,2
DE,Classic Cars Baden-Baden,https://www.classiccars-badenbaden.de,https://www.classiccars-badenbaden.de,READY,6,2
DE,Classic Cars Dornstetten GmbH,https://www.classic-cars-dornstetten.de,https://www.classic-cars-dornstetten.de,WATCH_JS,0,0
DE,Classic Cars GmbH,https://motorwagen.com,https://motorwagen.com,WATCH_JS,0,0
DE,Classic Center Köln,https://www.classiccenter-koeln.de,https://www.classiccenter-koeln.de/fahrzeuge/,READY,17,3
DE,Classic & Race Cars Peter Schleifer GmbH & Co. KG,http://www.classic-and-racecars.com,http://www.classic-and-racecars.com/fahrzeuge,NEEDS_CSS,5,0
DE,Classic & Racing Cars GbR,https://crcars.de,https://crcars.de/aktuelle-fahrzeuge/,READY,30,2
DE,ClassicCar Berlin TF GmbH,http://www.classiccar-berlin.de,http://www.classiccar-berlin.de,WATCH_JS,0,0
DE,collection-car a brand SEMO GmbH,http://www.collection-car.com,http://www.collection-car.com/fahrzeuge/,READY,16,3
DE,David Finest Sports Cars,https://davidsportscars.de,https://davidsportscars.de/aktueller-fahrzeugbestand/,READY,53,3
DE,Der Autojäger,https://www.derautojaeger.de,https://www.derautojaeger.de,READY,20,3
DE,DLS Automobile,https://dls-automobile.com,https://dls-automobile.com/de/fahrzeuge,READY,41,3
DE,Dresdner Klassiker Handel GmbH,https://klassiker-handel.de,https://klassiker-handel.de/fahrzeugbestand/,READY,28,3
DE,Garage 11 Hamburg,https://www.garage-11.de,https://www.garage-11.de,READY,74,3
DE,go.911 – markus schenkl,http://go911.net,http://go911.net,NEEDS_CSS,7,0
DE,Gräf Classic Cars,https://www.graef-classic-cars.com,https://www.graef-classic-cars.com,NEEDS_CSS,3,0
DE,Grand Sports Cars,https://www.grand-sportcars.de,https://www.grand-sportcars.de,WATCH_JS,0,0
DE,GT Sport & Classic,https://www.gt-sport-classic.de,https://www.gt-sport-classic.de,WATCH_JS,0,0
DE,Hallier Classic Cars GmbH,http://hallierclassiccars.com,http://hallierclassiccars.com,WATCH_JS,0,0
DE,Handelshaus Steffen,https://www.hsexclusiv.de,https://www.hsexclusiv.de,WATCH_JS,0,0
DE,Herz Classic Mobile,https://www.herz-classic-mobile.de,https://www.herz-classic-mobile.de,WATCH_JS,0,0
DE,Histomobile GmbH,http://www.histo-mobile.com,http://www.histo-mobile.com,WATCH_JS,0,0
DE,Jacobs Classic,http://www.jacobs-classic.de,http://www.jacobs-classic.de,NEEDS_CSS,22,0
DE,Jan B. Lühn,http://www.janluehn.com,https://janluehn.com/cars/2016-ferrari-f12tdf/,NEEDS_CSS,17,0
DE,K&F Classic Cars,https://www.kf-classic-cars.de,https://www.kf-classic-cars.de,WATCH_JS,0,0
DE,Klassische Automobile GmbH & Co. KG,https://kw1978.com,https://kw1978.com,NEEDS_CSS,9,0
DE,Klassische Automobile Wesel,http://klassische-automobile-wesel.de,http://klassische-automobile-wesel.de/fahrzeuguebersicht,READY,22,1
DE,Klatt Oldtimer GmbH,https://www.klatt-oldtimer.com,https://www.klatt-oldtimer.com,WATCH_JS,0,0
DE,Koch Klassik Automobil GmbH,https://koch-klassik.de,https://koch-klassik.de/fahrzeug-angebot/,NEEDS_CSS,12,0
DE,Martin Kölnberger | Classic Cars,https://koelnberger-cars.de,https://koelnberger-cars.de,WATCH_JS,0,0
DE,Martini Garage,https://www.martini-racing.com,https://www.martini-racing.com/produkt-kategorie/cars-for-sale/,READY,10,3
DE,Mayer Classic Cars,https://www.mayer-classic-cars.de,https://www.mayer-classic-cars.de,NEEDS_CSS,18,0
DE,Mehne Automobiles,http://www.mehneautomobiles.de,http://www.mehneautomobiles.de,WATCH_JS,0,0
DE,Messina Classics,http://www.messinaclassics.de,https://www.messinaclassics.de/fahrzeuge/,READY,28,1
DE,Mirbach & Seemann GmbH,https://www.mirbach-seemann.de,https://www.mirbach-seemann.de/angebote/,READY,33,3
DE,Mohr Group München,https://group-mohr.com,https://group-mohr.com,WATCH_JS,0,0
DE,Movendi GmbH & CO .KG,https://mo-vendi.de,https://mo-vendi.de/fahrzeuge/,READY,21,3
DE,Oldtimer Centrum Aachen,http://www.oldtimercentrum-aachen.de,https://www.oldtimercentrum-aachen.de/rennfahrzeuge-vermietung,NEEDS_CSS,29,0
DE,Oldtimer Galerie Laufenburg,https://www.die-oldtimer-galerie.de,https://www.die-oldtimer-galerie.de,READY,39,1
DE,Pre-Select – fine Collectible Cars,http://www.pre-select.net,http://www.pre-select.net,NEEDS_CSS,5,0
DE,Pyritz Classics GmbH,https://pyritz-classics.de,https://pyritz-classics.de,NEEDS_CSS,6,0
DE,Rare Birds GmbH & Co. KG,https://rare-birds.de,https://rare-birds.de,READY,18,3
DE,Reller Automobile GmbH,https://www.reller-automobile.de,https://www.reller-automobile.de,NEEDS_CSS,6,0
DE,Retrocars Bremen GmbH,https://retrocars-bremen.de,https://retrocars-bremen.de,NEEDS_CSS,5,0
DE,Savex GmbH,https://www.savex-gmbh.com,https://www.savex-gmbh.com,NEEDS_CSS,4,0
DE,Schaltkulisse GmbH,https://schaltkulisse.com,https://schaltkulisse.com,NEEDS_CSS,28,0
DE,Schwarzenbach Agentur für klassische Automobile,https://schwarzenbach-automobile.de,https://schwarzenbach-automobile.de,NEEDS_CSS,6,0
DE,Scuderia Renania GmbH,https://www.scuderia-renania.com,https://www.scuderia-renania.com,WATCH_JS,0,0
DE,Springbok Sportwagen GmbH,https://www.springbok.de,https://www.springbok.de,WATCH_JS,0,0
DE,Steenbuck Automobiles GmbH,https://steenbuck-automobiles.de,https://steenbuck-automobiles.de/fahrzeuge/,READY,12,3
DE,Strassenklassiker,https://strassenklassiker.de,https://strassenklassiker.de,READY,22,3
DE,Superplus Classics & Sportscars,http://superplus-classics.de,https://superplus-classics.de/fahrzeuge/,READY,189,3
DE,Vintage Automobile Thomas Borchers,http://6.borchers-oldtimer.de,http://6.borchers-oldtimer.de,NEEDS_CSS,3,0
DE,Wagen12 GmbH,https://www.wagen12.de,https://wagen12.de/fahrzeug,READY,58,3
DE,Weekend Heroes,https://www.weekendheroes.com,https://www.weekendheroes.com,NEEDS_CSS,8,0
NL,1900 Classics BV,http://www.classiccarinformation.com,http://www.classiccarinformation.com,WATCH_JS,0,0
NL,ABH auto’s & accessoires,https://abh1.nl,https://abh1.nl,READY,8,1
NL,Aclassics,https://www.aclassics.nl,https://www.aclassics.nl,WATCH_JS,0,0
NL,AK-automobiles Bergeijk,https://www.ak-automobiles.nl,https://www.ak-automobiles.nl/product-categorie/aanbod-klassiekers/,READY,4,2
NL,Almere Classic Cars,https://www.almereclassiccars.nl,https://www.almereclassiccars.nl/aanbod/,NEEDS_CSS,4,0
NL,Alphons Ruyl Fine Classic Cars,http://www.ruylclassics.nl,http://www.ruylclassics.nl,WATCH_JS,0,0
NL,Auto Leitner,https://www.autoleitner.nl,https://www.autoleitner.nl/car-for-sale/1779617544-2023-rolls-royce-ghost,NEEDS_CSS,50,0
NL,Auto Mooij,https://www.automooij.nl,https://www.automooij.nl/automooij/voorraad-modern,READY,14,1
NL,Auto Timon,https://auto-timon.nl,https://auto-timon.nl,WATCH_JS,0,0
NL,Autobedrijf Brit,http://www.autobedrijfbrit.nl,http://www.autobedrijfbrit.nl,WATCH_JS,0,0
NL,Autobedrijf Jansma,https://autobedrijfjansma.nl,https://autobedrijfjansma.nl,NEEDS_CSS,6,0
NL,Autobedrijf Robert Wagner,https://robertwagner.nl,https://robertwagner.nl/showroom/,NEEDS_CSS,33,0
NL,Automobielhuys Misker,https://automobielhuysmisker.nl,https://automobielhuysmisker.nl/aanbod/aanbod-classics/,READY,21,3
NL,Baan Classics,https://baanautomotive.nl,https://baanautomotive.nl,NEEDS_CSS,6,0
NL,Beauty Cars,https://beauty-cars.nl,https://www.beauty-cars.nl/ons-aanbod,READY,16,3
NL,Big Boys Toys,https://www.bigboystoys.nl,https://bigboystoys.nl/occasions/,READY,68,3
NL,Bloemendaal Classic & Sportscars,https://www.bloemendaalcs.nl,https://www.bloemendaalcs.nl/collectie/,READY,388,2
NL,Brescia Classics,https://www.bresciaclassics.nl,https://www.bresciaclassics.nl,NEEDS_CSS,10,0
NL,Brooks Classics,https://www.brooksclassics.nl,https://www.brooksclassics.nl/collection,NEEDS_CSS,15,0
NL,Carel Wüst Classics,https://carelwustclassics.nl,https://carelwustclassics.nl,READY,60,3
NL,Carrosso Classic & Sportscars,https://www.carrosso.nl,https://www.carrosso.nl/aanbod/,READY,22,2
NL,Cars Forever,https://carsforever.nl,https://carsforever.nl/aanbod/,READY,15,3
NL,CL Classics Racing,https://classics-racing.nl,https://www.classics-racing.nl/nl/vehicles,READY,10,3
NL,Classic Cars Heerde,https://classiccarsheerde.nl,https://classiccarsheerde.nl,NEEDS_CSS,3,0
NL,Classic Open,https://en.classicopen.eu,https://en.classicopen.eu/cars-for-sale,READY,48,3
NL,Classic Park,https://www.classicpark.nl,https://www.classicpark.nl,NEEDS_CSS,6,0
NL,Classic Sports Cars Holland,https://classicsportscarsholland.com,https://classicsportscarsholland.com,WATCH_JS,0,0
NL,Classic & Sportscar Hofman Leek,https://www.hofman.nl,https://www.hofman.nl,NEEDS_CSS,9,0
NL,Classicmaster,https://classicmaster.nl,https://classicmaster.nl/occasions-kopen/54381487-mercedes-benz-s-klasse-400-hybrid-amg-styling-exclusive,NEEDS_CSS,70,0
NL,Classics-World,https://classics-world.com,https://classics-world.com/collectie,NEEDS_CSS,89,0
NL,Continental Cars,http://www.continentalcars.nl,http://www.continentalcars.nl,WATCH_JS,0,0
NL,Cool Classic Club,https://coolclassicclub.com,https://coolclassicclub.com/collectibles/plymouth-barracuda-viper-v10-restomod-for-sale,READY,100,3
NL,Dandy Classics,https://www.dandyclassics.com,https://www.dandyclassics.com/collection/,NEEDS_CSS,28,0
NL,De Croon Classic Cars & More,https://decroonclassics.nl,https://decroonclassics.nl/occasions/,READY,5,3
NL,De Klassieker RVO,https://www.deklassieker.com,https://deklassieker.com/klassiekers/,READY,8,1
NL,DeLeon B.V.,https://deleonclassiccars.com,https://deleonclassiccars.com,WATCH_JS,0,0
NL,Dijkstra Classic Cars & Youngtimers,https://www.dijkstra-classic-cars.nl,https://www.dijkstra-classic-cars.nl/onze-autos,READY,90,2
NL,Dream Garage Classic & Sports cars,https://www.dreamgarage.nl,https://www.dreamgarage.nl/collectie/,READY,9,1
NL,E&R Classics,https://www.erclassics.com,https://www.erclassics.com/classic-cars-for-sale/,NEEDS_CSS,74,0
NL,Fine Automobiles,https://fineautomobiles.nl,https://fineautomobiles.nl,WATCH_JS,0,0
NL,FS Cars Den Helder,https://fscars.eu,https://fscars.eu,READY,10,2
NL,Gallery Aaldering,https://www.gallery-aaldering.com,https://www.gallery-aaldering.com/collection/,NEEDS_CSS,68,0
NL,Garage Maestricht,https://www.garagemaestricht.nl,https://www.garagemaestricht.nl/for-sale/1993-saab-900s-convertible,NEEDS_CSS,191,0
NL,Gerard Kramer Klassiekers,https://www.gerardkramerklassiekers.nl,https://gerardkramerklassiekers.nl/occasions,READY,12,2
NL,HCC – Holland Car Company B.V.,https://hollandcarcompany.nl,https://hollandcarcompany.nl/occasions-kopen/45781320-land-rover-defender-110-p400e-hse-x-dynamic-urban-widetrack-custom,NEEDS_CSS,38,0
NL,Heideveld Classics,https://www.heideveldclassiccars.com,https://www.heideveldclassiccars.com,READY,16,3
NL,Heijstee Classics,https://www.heijsteeclassics.com,https://heijsteeclassics.nl/homepage/for-sale/,NEEDS_CSS,11,0
NL,Heritage Cars,https://www.heritagecars.nl,https://www.heritagecars.nl/cars/,READY,68,2
NL,Historic Motoring,http://www.historicmotoring.com,http://www.historicmotoring.com,WATCH_JS,0,0
NL,HooG Selections,https://hoogselections.nl,https://hoogselections.nl,WATCH_JS,0,0
NL,Ibalo luxury sportscars bv,https://ibalo.nl,https://ibalo.nl,NEEDS_CSS,4,0
NL,Jansen Cars & Classics,https://jansencarsenclassics.nl,https://jansencarsenclassics.nl/occasions,READY,20,3
NL,Kaeve Cars,https://kaevecars.com,https://kaevecars.com/aanbodslider,READY,103,1
NL,KennisCars,https://www.kenniscars.nl,https://kenniscars.nl/occasions/,READY,600,3
NL,La Salle Classic Cars,https://lasalleclassiccars.com,https://lasalleclassiccars.com/collectie/,NEEDS_CSS,33,0
NL,Liberty Cars,https://libertycars-classics.com,https://libertycars-classics.com,READY,12,3
NL,Loubann Cars,https://www.loubanncars.nl,https://www.loubanncars.nl,WATCH_JS,0,0
NL,Marmini Cars,https://www.marminicars.nl,https://www.marminicars.nl/aanbod/id12126/alfa-romeo-giulia-1300ti-.html,NEEDS_CSS,168,0
NL,Maxima Classic Cars,https://www.maximaclassiccars.nl,https://www.maximaclassiccars.nl,WATCH_JS,0,0
NL,Metropole,https://metropoleclassics.com,https://metropoleclassics.com,WATCH_JS,0,0
NL,Millstone Classics,https://www.millstoneclassics.com,https://www.millstoneclassics.com,READY,20,3
NL,NEXT Exclusives,https://www.nextexclusives.nl,https://www.nextexclusives.nl,READY,21,3
NL,Noordhuis Classics,https://noordhuis-classics.nl,https://noordhuis-classics.nl,WATCH_JS,0,0
NL,Nosstalgia Classics,https://www.nosstalgia.nl,https://www.nosstalgia.nl/aanbod/ford-capri-2600-gxl/,READY,10,2
NL,Nout Classic Cars B.V.,https://www.noutclassiccars.nl,https://www.noutclassiccars.nl/autos-te-koop-2/,READY,47,3
NL,Passion 4 Classics,https://passion4classics.eu,https://passion4classics.eu/occasion-type/barnfinds/,NEEDS_CSS,6,0
NL,Perfect Cars,https://www.perfectcars.nl,https://www.perfectcars.nl,NEEDS_CSS,4,0
NL,Premium Classics,https://www.premiumclassics.nl,https://www.premiumclassics.nl,WATCH_JS,0,0
NL,Prins Classics,https://www.wimprins.nl,https://www.wimprins.nl,READY,8,3
NL,Real Art on Wheels BV,https://realartonwheels.com,https://realartonwheels.com/inventory/,READY,18,3
NL,Redra Auto Speziale,https://www.redraautospeziale.nl,https://www.redraautospeziale.nl/occasions/,READY,30,3
NL,RHB Classics B.V.,https://www.rhb-classics.nl,https://www.rhb-classics.nl,NEEDS_CSS,3,0
NL,RS Carshop,https://www.rscarshop.nl,https://www.rscarshop.nl/occasions/,READY,32,1
NL,S2 Classic Cars,https://www.s2-cc.com,https://s2-cc.com/autos/,READY,20,3
NL,Sander Buitink Auto’s,https://www.sanderbuitinkautos.nl,https://www.sanderbuitinkautos.nl/voorraad,READY,38,3
NL,Sloetjes Classic & Exclusive Cars,https://www.sloetjesclassics.nl,https://www.sloetjesclassics.nl/oldtimers/,READY,96,3
NL,Starchiefs Classic Cars,https://www.starchiefs.nl,https://www.starchiefsclassiccars.nl/collectie/,READY,23,3
NL,Stuurman Classic Cars,https://www.stuurmanclassiccars.nl,https://www.stuurmanclassiccars.nl/collectie/,READY,18,3
NL,The Houtkamp Collection,https://houtkamp.nl,https://houtkamp.nl/cars,READY,10,3
NL,Vehikel Classic Cars,https://vehikel.com,https://vehikel.com/collectie/porsche-911-coupe-2-drs-18/,NEEDS_CSS,8,0
NL,Vemu Car Classics,https://www.vemucars.com,https://www.vemucars.com/cars-for-sale/,READY,12,2
NL,Venema Antiques & Classic Cars,https://www.venemaantiques.nl,https://www.venemaantiques.nl,WATCH_JS,0,0
NL,Veni Vidi Vici B.V.,https://venividivici.info,https://venividivici.info,READY,7,2
NL,VSOC; Very Superior Old Cars,http://www.vsoc.nl,https://vsoc.nl/collection,NEEDS_CSS,36,0
NL,Wheels by Lex,https://wheelsbylex.nl,https://wheelsbylex.nl/occasions-kopen/40325654-daimler-double-six-5-3-v12-origineel-nl-auto-zeer-lage-km-stand,NEEDS_CSS,45,0
NL,Your Classic Car,https://www.yourclassiccar.nl,https://www.yourclassiccar.nl/occasion/1143/pininfarina-spidereuropa-2000-i-e-zeer-origineel-en-uitstekend-onderhouden-,NEEDS_CSS,26,0
UK,4 Star Classics,http://www.4starclassics.com,http://www.4starclassics.com,READY,993,3
UK,Adrian Blyth Specialist Cars,https://www.adrianblyth.com,https://www.adrianblyth.com,WATCH_JS,0,0
UK,AK Sportscars Ltd.,https://www.aksportscars.co.uk,https://www.aksportscars.co.uk,WATCH_JS,0,0
UK,Alan Carrington Classic Cars,https://www.alancarrington.com,https://www.alancarrington.com/cars-for-sale,NEEDS_CSS,9,0
UK,Amari Super Cars,https://www.amarisupercars.com,https://www.amarisupercars.com/stock/details/2023-porsche-911-gt3-rs-gt3-rs-pdk-semi-auto/1241754,NEEDS_CSS,126,0
UK,Andrew Hardy Classics,https://www.hardyclassics.co.uk,https://www.hardyclassics.co.uk/classic-cars-for-sale-1,NEEDS_CSS,98,0
UK,Arun Holdings,https://www.arunholdings.co.uk,https://www.arunholdings.co.uk,WATCH_JS,0,0
UK,Auto Classico,https://www.autoclassico.co.uk,https://www.autoclassico.co.uk,WATCH_JS,0,0
UK,Auto Union,http://auto-union.co,https://auto-union.co/cars/,READY,12,3
UK,Automobiles Historiques,https://www.automobileshistoriques.com,https://www.automobileshistoriques.com,WATCH_JS,0,0
UK,Autostorico Ltd,http://www.autostorico.co.uk,https://www.autostorico.co.uk/cars-for-sale,READY,12,2
UK,Autovero,https://autovero.co.uk,https://www.autovero.co.uk/used/vehicles/,NEEDS_CSS,38,0
UK,Avantgarde Classics Ltd.,https://www.avantgardeclassics.co.uk,https://avantgardeclassics.co.uk/cars-available/,READY,15,3
UK,Charlestown Classics,https://www.charlestownclassics.com,https://www.charlestownclassics.com/full-inventory/,NEEDS_CSS,31,0
UK,Baynards Motor Company,https://www.baynards.com,https://www.baynards.com/used/cars/,READY,10,2
UK,Bicester Sports & Classics,https://bicestersportscars.co.uk,https://bicestersportscars.co.uk/showroom/,NEEDS_CSS,80,0
UK,Birchfield Classics,http://www.birchfieldclassics.co.uk,http://www.birchfieldclassics.co.uk,WATCH_JS,0,0
UK,Black & White Cars of Bournemouth,http://www.blackandwhitecarsbmth.com,https://www.blackandwhitecarsbmth.com/showroom/used-car/lexus-sc-430-v8-2002-56000-miles-flsh,NEEDS_CSS,58,0
UK,Blue Butts Chequered Flag,https://www.classiccarbluebutts.co.uk,https://www.classiccarbluebutts.co.uk/used/cars/,NEEDS_CSS,18,0
UK,Bob Forstner,https://www.bobforstner.com,https://www.bobforstner.com,READY,5,2
UK,Bradley James Classics Ltd,https://www.bradleyjamesclassics.co.uk,https://www.bradleyjamesclassics.co.uk,WATCH_JS,0,0
UK,Bramley Motor Cars,https://www.bramley.com,https://www.bramley.com,READY,7,1
UK,Brian Classic & Co.,http://brianclassiccars.com,http://brianclassiccars.com,NEEDS_CSS,7,0
UK,Car-iconics Ltd,https://www.car-iconics.com,https://www.car-iconics.com/cars-for-sale/for_sale/,NEEDS_CSS,31,0
UK,Cars International,http://www.carsinternational.com,http://www.carsinternational.com,WATCH_JS,0,0
UK,Chelsea Cars,http://www.chelseacars.com,http://www.chelseacars.com,WATCH_JS,0,0
UK,Classic Automobiles Worldwide Ltd,http://www.classic-car-london.com,http://www.classic-car-london.com,WATCH_JS,0,0
UK,Classic Cars of Wirral Ltd,https://classiccarsofwirral.co.uk,https://classiccarsofwirral.co.uk,NEEDS_CSS,5,0
UK,Classic Chrome Ltd,https://www.classic-chrome.net,https://www.classic-chrome.net,NEEDS_CSS,10,0
UK,Classic Classics,https://classicclassics.co.uk,https://classicclassics.co.uk,WATCH_JS,0,0
UK,Cleevewood Garage,https://www.allsportscars.co.uk,https://www.allsportscars.co.uk,NEEDS_CSS,6,0
UK,Cult Status Cars,https://www.cultstatuscars.com,https://www.cultstatuscars.com,WATCH_JS,0,0
UK,Daniel Myers Ltd,https://www.danielmyersltd.co.uk,https://www.danielmyersltd.co.uk/used/cars/,READY,33,3
UK,DD Classics,https://ddclassics.com,https://www.ddclassics.com/used/,READY,5,3
UK,Devonshire Motor Company,https://devonshiremotorcompany.co.uk,https://devonshiremotorcompany.co.uk/used/cars/,READY,8,3
UK,Duncan Hamilton Rofgo,https://www.dhrofgo.com,https://www.dhrofgo.com/shop,NEEDS_CSS,34,0
UK,Dylan Miles Ltd.,https://www.dylan-miles.com,https://dylan-miles.com/vehicles,NEEDS_CSS,6,0
UK,Epping Motor Co,http://www.eppingmotorcompany.com,http://www.eppingmotorcompany.com/stock/page1/stocklist-1.htm,NEEDS_CSS,55,0
UK,Fiskens Fine Historic Automobiles,https://www.fiskens.com,https://www.fiskens.com,NEEDS_CSS,11,0
UK,Gasoline Alley Ltd,https://www.gasolinealley.co.uk,https://www.gasolinealley.co.uk,WATCH_JS,0,0
UK,Girardo & Co.,https://girardo.com,https://girardo.com/collections/,NEEDS_CSS,8,0
UK,Godin Sporting Cars & Motorcycles Ltd.,https://anthonygodin.co.uk,https://anthonygodin.co.uk,READY,20,2
UK,Graeme Hunt Ltd.,https://www.graemehunt.com,https://www.graemehunt.com/inventory,READY,45,1
UK,Hall & Hall,https://hallandhall.net,https://hallandhall.net/Stock,NEEDS_CSS,18,0
UK,Hendon Way Motors,https://www.hendonwaymotors.co.uk,https://www.hendonwaymotors.co.uk,NEEDS_CSS,3,0
UK,Hexagon Classics,https://www.hexagonclassics.com,https://www.hexagonclassics.com,READY,29,2
UK,Howard Wise Cars,http://howardwisecars.co.uk,https://howardwisecars.co.uk/prestige/,READY,7,3
UK,Jarrah Venables,https://www.jarrahvenables.com,https://www.jarrahvenables.com,READY,10,3
UK,Justin Banks Ltd.,http://www.justinbanks.com,https://www.justinbanks.com/current-stock/,NEEDS_CSS,11,0
UK,KGF Classic Cars,https://www.kgfclassiccars.co.uk,https://www.kgfclassiccars.co.uk/vehicles,NEEDS_CSS,5,0
UK,Kim Cairns Classic Cars,https://www.kimcairnsclassics.co.uk,https://www.kimcairnsclassics.co.uk/classic-cars-for-sale/,NEEDS_CSS,20,0
UK,Legends Automotive Ltd,http://www.legendsautomotive.co.uk,http://www.legendsautomotive.co.uk/showroom,NEEDS_CSS,29,0
UK,Mike Abbas Classic Cars,http://www.mikeabbasclassiccars.co.uk,http://www.mikeabbasclassiccars.co.uk,NEEDS_CSS,5,0
UK,Milestone Classics,http://milestoneclassics.co.uk,https://www.milestoneclassics.co.uk/showroom,NEEDS_CSS,34,0
UK,MJR Classic Cars,https://www.a1mretroclassics.co.uk,https://www.a1mretroclassics.co.uk,WATCH_JS,0,0
UK,Mole Valley Specialist Cars Ltd,https://www.mole-valley.co.uk,https://www.mole-valley.co.uk,WATCH_JS,0,0
UK,O’Kane Lavers Ltd,https://www.okanelavers.com,https://okanelavers.com/cars-for-sale,NEEDS_CSS,18,0
UK,Pendine Historic Cars Ltd.,https://pendine.com,https://pendine.com/showroom/,NEEDS_CSS,30,0
UK,Percival Motor Company,https://percivalmotorco.co.uk,https://percivalmotorco.co.uk/shop/,READY,22,3
UK,Peter Bradfield Ltd,https://www.bradfieldcars.com,https://www.bradfieldcars.com/cars,NEEDS_CSS,78,0
UK,Peter Jarvis Classic Cars,http://peterjarvis.net,http://peterjarvis.net,WATCH_JS,0,0
UK,Romans International Ltd,https://www.romansinternational.com,https://www.romansinternational.com/used/cars/aston-martin/,NEEDS_CSS,11,0
UK,Rory Henderson,https://roryhenderson.com,https://roryhenderson.com,READY,4,3
UK,Slades Garage,https://www.slades-garage.co.uk,https://www.slades-garage.co.uk,WATCH_JS,0,0
UK,Speedmaster Cars,https://speedmastercars.com,https://speedmastercars.com,WATCH_JS,0,0
UK,Spinningwheel Classic Cars,https://www.spinningwheelclassiccars.com,https://www.spinningwheelclassiccars.com,NEEDS_CSS,44,0
UK,St Andrews Autos,https://www.standrewsautos.co.uk,https://www.standrewsautos.co.uk,NEEDS_CSS,7,0
UK,Sussex Sports Cars,http://www.sussexsportscars.co.uk,http://www.sussexsportscars.co.uk/cars/2024-morgan-six-auto-/,NEEDS_CSS,19,0
UK,Taylor & Crawley,https://taylorandcrawley.com,https://taylorandcrawley.com/current-stock/,READY,32,2
UK,The Classic Connection,https://www.classicconnection.co.uk,https://www.classicconnection.co.uk/vehicles,NEEDS_CSS,50,0
UK,The Classic Motor Hub,http://classicmotorhub.com,http://classicmotorhub.com,NEEDS_CSS,7,0
UK,The Hairpin Company,https://www.thehairpincompany.co.uk,https://www.thehairpincompany.co.uk/for-sale,NEEDS_CSS,21,0
UK,The Octane Collection,https://www.theoctanecollection.com,https://www.theoctanecollection.com,READY,16,3
UK,The School Garage,https://www.classiccarshop.co.uk,https://www.classiccarshop.co.uk,WATCH_JS,0,0
UK,The Supercar Rooms,https://www.thesupercarrooms.co.uk,https://thesupercarrooms.co.uk/supercar-showroom,READY,12,3
UK,Tom Hartley Jnr,https://www.tomhartleyjnr.com,https://www.tomhartleyjnr.com,NEEDS_CSS,13,0
UK,Trojan Cars,https://www.trojancars.co.uk,https://www.trojancars.co.uk,WATCH_JS,0,0
UK,Veloce Classic and Sports Cars Ltd,https://www.veloceclassic.com,https://www.veloceclassic.com/inventory/1627-1965-porsche-911-901.html,NEEDS_CSS,239,0
UK,Villiers Classics,https://www.villiersclassics.com,https://www.villiersclassics.com,WATCH_JS,0,0
UK,Vintage & Prestige Classic Cars,https://vandp.net,https://vandp.net,NEEDS_CSS,357,0
UK,Westcountry Classics,https://westcountryclassics.com,https://westcountryclassics.com/vehicles-for-sale,NEEDS_CSS,9,0
UK,Will Stone Historic Cars,https://www.willstonecars.com,https://www.willstonecars.com,WATCH_JS,0,0
UK,William I’Anson Ltd,https://williamianson.com,https://williamianson.com,WATCH_JS,0,0
UK,William Loughran Ltd,https://www.williamloughran.co.uk,https://www.williamloughran.co.uk,READY,6,1
UK,Woldside Classic & Sports Car,https://www.woldsideclassics.co.uk,https://www.woldsideclassics.co.uk,WATCH_JS,0,0
UK,Yorkshire Classic Car Centre,https://www.yorkshireclassiccarcentre.co.uk,https://www.yorkshireclassiccarcentre.co.uk,NEEDS_CSS,4,0
UK,Yorkshire Classic & Sports Cars,https://ycsc.co.uk,https://ycsc.co.uk/showroom/,NEEDS_CSS,72,0
FR,Absolut Cars Consulting,https://www.absolutcarsconsulting.com,https://www.absolutcarsconsulting.com/cars-for-sale,NEEDS_CSS,11,0
FR,AC Youngtimer,https://www.ac-youngtimer.fr,https://www.ac-youngtimer.fr,NEEDS_CSS,5,0
FR,Artmotors,https://www.artmotors.fr,https://www.artmotors.fr,WATCH_JS,0,0
FR,Ascott Collection,https://www.ascottcollection.com,https://www.ascottcollection.com,NEEDS_CSS,4,0
FR,Asphalt Classics,https://www.asphaltclassics.com,https://www.asphaltclassics.com,WATCH_JS,0,0
FR,Atelier 46,https://www.atelier46.fr,https://www.atelier46.fr,NEEDS_CSS,6,0
FR,Autodrome Cannes,http://www.autodrome-cannes.com,http://www.autodrome-cannes.com,NEEDS_CSS,21,0
FR,Bourgogne Auto Classic,http://bourgogne-auto-classic.fr,https://bourgogne-auto-classic.fr/24-nos-vehicules,NEEDS_CSS,34,0
FR,Boyards,http://www.boyards.com,https://www.boyards.com/blog-voiture-de-collection,NEEDS_CSS,10,0
FR,Bretagne Roadster,http://www.bretagneroadster.com,http://www.bretagneroadster.com,NEEDS_CSS,3,0
FR,Bullit Racing & Classic,https://www.bullit-racing.com,https://www.bullit-racing.com/showroom/a-vendre,READY,39,2
FR,Calvados Auto Retro,https://calvados-autoretro.fr,https://calvados-autoretro.fr/nos-voitures/,READY,22,2
FR,CarJager,https://www.carjager.com,https://www.carjager.com/acheter/collection/porsche.html,READY,48,3
FR,Casting Automobiles,http://castingautomobilesclassic.com,https://www.castingautomobilesclassic.com/stock,NEEDS_CSS,6,0
FR,Cecil Cars,http://www.cecil-cars.com,http://www.cecil-cars.com,READY,15,3
FR,CforCar Biarritz,https://www.cforcar.fr,https://www.cforcar.fr/nos-voitures/,READY,82,2
FR,Classic Car Design,https://www.classiccardesign.fr,https://www.classiccardesign.fr/voiture-prestige-classic-à-vendre,NEEDS_CSS,44,0
FR,Classic Cars Company,https://classiccarscompany.fr,https://classiccarscompany.fr/importation-achat-vente-de-voitures-ancienne/stock/,READY,21,2
FR,Classic Cruising,https://www.classic-cruising-automobile.com,https://www.classic-cruising-automobile.com/nos-vehicules/c-3.html,NEEDS_CSS,61,0
FR,Classic Racing Cars by Geoffroy Peter,https://www.peterclassicracingcars.com,https://www.peterclassicracingcars.com,NEEDS_CSS,3,0
FR,Collection Privée Automobile,http://www.collection-privee-automobile.com,https://cedric-vaslin.fr/fr/page/vehicules-de-collection-disponibles,READY,14,3
FR,Cross Channel Sports Cars,https://www.ccsportscars.fr,https://www.ccsportscars.fr,WATCH_JS,0,0
FR,De Widehem Automobiles,https://www.dewidehem.fr,https://www.dewidehem.fr,WATCH_JS,0,0
FR,Eleven Cars,http://eleven-cars.com,http://eleven-cars.com,NEEDS_CSS,3,0
FR,Equipe Europe,https://www.equipeeurope.com,https://www.equipeeurope.com,NEEDS_CSS,5,0
FR,European Vintage Cars,https://european-vintage-cars.com,https://european-vintage-cars.com,NEEDS_CSS,8,0
FR,Future Classics,http://www.futureclassics.fr,http://www.futureclassics.fr/vehicle_type/tous-les-vehicules,READY,8,3
FR,Garage Concept Store,http://garageconceptstore.com,http://garageconceptstore.com,WATCH_JS,0,0
FR,Garage de Saragosse,https://www.garage-de-saragosse.fr,https://garage-de-saragosse.fr/voitures,NEEDS_CSS,8,0
FR,GT Passion Automobiles,http://gt-passion.net,https://www.gt-passion.fr/vehicules-en-vente/,READY,61,3
FR,GT Spirit,https://www.gt-spirit.fr,https://www.gt-spirit.fr,READY,32,1
FR,GT Vintage Classic Cars,http://www.gt-vintage.com,http://www.gt-vintage.com/12-annonces-voitures-de-collection-a-vendre,READY,30,3
FR,Guikas GTC,http://www.gtc-collection-cars.com,https://www.gtc-collection-cars.com/classic-car/news--events_120.html,NEEDS_CSS,47,0
FR,Héritage Automobiles,https://heritage-automobiles.fr,https://heritage-automobiles.fr/nos-vehicules/,READY,23,3
FR,Heritage Motors Cars,http://www.heritagemotorscars.com,https://www.heritagemotorscars.com/Showroom,NEEDS_CSS,9,0
FR,Historic Cars,https://www.historiccars.fr,https://www.historiccars.fr,WATCH_JS,0,0
FR,Jean Lain Heritage,https://www.jeanlainheritage.com,https://occasions.jeanlain.com/voiture/audi,READY,29,3
FR,Lamorlaye Automobiles,https://www.lamorlayeautomobiles.fr,https://www.lamorlayeautomobiles.fr,NEEDS_CSS,19,0
FR,Le Musee,http://www.le-musee.com,http://www.le-musee.com/voitures,NEEDS_CSS,6,0
FR,Le p’tit garage de papa,https://www.leptitgaragedepapa.com,https://www.leptitgaragedepapa.com,WATCH_JS,0,0
FR,Mécaniques Modernes & Classiques,https://www.mmc-paris.com,https://www.mmc-paris.com,NEEDS_CSS,5,0
FR,My Vintage Car,https://www.my-vintage-car.com,https://www.my-vintage-car.com/nos-vehicules-de-collection,READY,32,3
FR,Nache Automobiles,https://nache-automobiles.com,https://nache-automobiles.com/voiture/aston-martin-v8-vantage-roadster.html,NEEDS_CSS,142,0
FR,Old Barn Motors,http://old-barn-motors.com,http://old-barn-motors.com/collection,READY,6,2
FR,Old Speed Classics,https://www.oldspeed-classics.com,https://oldspeed-classics.com/a-vendre,NEEDS_CSS,6,0
FR,Paris Motors Legend,https://www.parismotorslegend.com,https://www.parismotorslegend.com/vehicules-collection-recents-haut-de-gamme-paris,NEEDS_CSS,21,0
FR,Paul’s Classic Cars,http://www.pauls-classic-cars.fr,https://www.pauls-classic-cars.fr/inventory,READY,32,3
FR,Pessac Automobiles,https://www.pessacautomobilesclassic.com,https://www.pessacauto.com/10-notre-stock,READY,12,3
FR,Revival Motors,https://revival-motors.com,https://revival-motors.com/10-nos-autos-de-collection,READY,17,3
FR,Royal Automobile,https://www.royalautomobile-paris.com,https://www.royalautomobile-paris.com/new-inventory,READY,14,3
FR,Sodep Vintage Cars,https://www.sodepvc.fr,https://www.sodepvc.fr,READY,5,2
FR,Tacquet Car Vintage,https://www.tacquetcarvintage.com,https://www.tacquetcarvintage.com,WATCH_JS,0,0
FR,Tim Classic,https://timclassic.fr,https://timclassic.fr,READY,6,2
FR,Véhicules de Collection and Co,https://voitures2collection.com,https://voitures2collection.com/vehicules/,NEEDS_CSS,15,0
FR,Victoire Vintage Automobiles,https://victoirevintageautomobiles.com,https://victoirevintageautomobiles.com,READY,18,3
IT,Aquarama BeC,http://www.aquaramabec.com,http://www.aquaramabec.com,READY,3,3
IT,Auto CM – Auto di lusso e d’epoca,https://autocm.it,https://autocm.it,READY,5,3
IT,Auto Spinetti Grandi Marche Srl,http://www.autospinetti.it,http://www.autospinetti.it,WATCH_JS,0,0
IT,Autobase S.R.L.,http://www.autobaseparma.com,http://www.autobaseparma.com,WATCH_JS,0,0
IT,AutoClass,https://www.autoclass.com,https://www.autoclass.com,NEEDS_CSS,6,0
IT,Autoieri,http://www.autoieri.eu,http://www.autoieri.eu,READY,7,3
IT,Autovergiate,https://www.autovergiate.it,https://autovergiate.it/vendita-auto/,NEEDS_CSS,3,0
IT,Cristiano Luzzago consulente auto classiche,https://www.cristianoluzzago.it,https://www.cristianoluzzago.it,READY,27,3
IT,DG Classic Cars,https://www.dgclassiccars.com,https://www.dgclassiccars.com,WATCH_JS,0,0
IT,Finati 1966 Srls,https://www.finati1966.com,https://www.finati1966.com/it/automobili-vendita,READY,76,3
IT,Garage 61 S.R.L.,https://garage61.it,https://garage61.it,READY,17,3
IT,Giro Classico SrlS,https://www.giroclassico.com,https://www.giroclassico.com/vehicles-status/classic-cars-for-sale/,READY,12,3
IT,Gruppo Promotor S.r.l.,http://www.gruppopromotor.com,https://www.gruppopromotor.com/in-vendita/,READY,59,2
IT,G&T Auto Srl,https://www.getauto.it,https://www.getauto.it,NEEDS_CSS,6,0
IT,Gulfblue.it,https://www.gulfblue.it,https://www.gulfblue.it/private-collection,READY,220,3
IT,Luzzago 1975 Srl,http://www.luzzago.com,http://www.luzzago.com,READY,76,2
IT,Nuova City Motors S.r.l.,http://www.citymotors.comm.it,http://www.citymotors.comm.it,WATCH_JS,0,0
IT,Old Factory Garage,https://oldfactorygarage.com,https://oldfactorygarage.com,WATCH_JS,0,0
IT,Passione Classica Sas di Vigolo Matteo Mario & C.,http://www.passioneclassica.com,https://www.passioneclassica.com/storie-di-automobili-epoca-vendita/,READY,41,3
IT,Roberto Menegatto,http://www.menegattocarservice.com,http://www.menegattocarservice.com,WATCH_JS,0,0
IT,Ruote da Sogno SRL,https://www.ruotedasogno.com,https://www.ruotedasogno.com/showroom/firenze/,NEEDS_CSS,20,0
IT,Top Marques Deluxe Car,https://www.topmarques.it,https://www.topmarques.it,NEEDS_CSS,6,0
IT,Tramonti Diffusion Cars srl,http://www.tramontidiffusion.it,http://www.tramontidiffusion.it,READY,27,2
CH,Andreas Wüest AG,https://andreaswuest.com,https://andreaswuest.com,NEEDS_CSS,13,0
CH,cartech.ch autotechnik ag,https://www.cartech.ch,https://www.cartech.ch,NEEDS_CSS,6,0
CH,Classic Automobile Vogel,https://automobilevogel.ch,https://automobilevogel.ch,WATCH_JS,0,0
CH,classic-autos.ch,https://www.classic-autos.ch,https://www.classic-autos.ch,READY,43,3
CH,Elite Garage AG Zuzwil,https://www.elite-zuzwil.ch,https://www.elite-zuzwil.ch,WATCH_JS,0,0
CH,Fine Cars,https://finecars.ch,https://finecars.ch,NEEDS_CSS,26,0
CH,Galantica Collection,http://www.galantica-collection.ch,https://www.galantica-collection.ch/fr/tableaux/peintres-suisses/,NEEDS_CSS,275,0
CH,Galvatrading Oldtimer & Classic Car,https://www.galvatrading.com,https://www.galvatrading.com,READY,11,1
CH,Goldtimer AG,https://www.goldtimerag.ch,https://www.goldtimerag.ch,NEEDS_CSS,4,0
CH,Lukas Hüni AG,https://lukashuniag.ch,https://lukashuniag.ch,WATCH_JS,0,0
CH,Oldierama AG,https://www.oldierama.ch,https://www.oldierama.ch/car_category/fahrzeuge-im-angebot/,NEEDS_CSS,9,0
CH,Phakos Motors AG,https://phakosmotors.ch,https://phakosmotors.ch,WATCH_JS,0,0
CH,Promocar automobili,https://promocar.swiss,https://promocar.swiss/auto-depoca/,READY,19,3
CH,Touring Garage AG,https://www.oldtimers.ch,https://www.oldtimers.ch/cars,NEEDS_CSS,49,0
CH,Via Thema,http://www.viathema.com,http://www.viathema.com,WATCH_JS,0,0
CH,Wres AG,http://wresclassics.ch,http://wresclassics.ch/de/cars.html,READY,14,3
AT,Auto Reiter GmbH,http://www.auto-reiter.at,http://www.auto-reiter.at,NEEDS_CSS,4,0
AT,Car Loft Fahrzeughandel GmbH,http://www.carloft.at,https://www.carloft.at/fahrzeugangebot/,READY,37,3
AT,Carinti Classic Cars,http://www.cc-cars.at,http://www.cc-cars.at,WATCH_JS,0,0
AT,EBBC Oldtimer GmbH,https://www.ebbc-oldtimer.at,https://www.ebbc-oldtimer.at/fahrzeuge/,READY,6,2
AT,Excellentclassics GmbH,https://excellentclassics.at,https://excellentclassics.at,NEEDS_CSS,3,0
AT,Jochen 70,http://www.jochen70.com,http://www.jochen70.com,WATCH_JS,0,0
AT,OK-Classic GmbH,https://ok-classic.at,https://ok-classic.at,NEEDS_CSS,21,0
AT,Oldie Point GmbH,https://www.oldie-point.at,https://www.oldie-point.at/unser-angebot/detailansicht/vehicle/bmw-z1-aus-erstbesitz/,NEEDS_CSS,16,0
AT,Sportwagenhaus,https://www.sportwagenhaus.at,https://www.sportwagenhaus.at/fahrzeuge-suchen/,READY,18,3
AT,Steiner & Partner Classic Cars GmbH,https://www.steiner-classic-cars.com,https://www.steiner-classic-cars.com,NEEDS_CSS,13,0
BE,AD Sportscars,https://adsportscars.com,https://adsportscars.com/cars/,READY,31,3
BE,Albert Michel,http://www.albertmichel.be,https://www.albertmichel.be/occasions.html,READY,20,3
BE,Beau-Car,https://www.beau-car.com,https://www.beau-car.com,WATCH_JS,0,0
BE,Belrose Classics,https://belroseclassics.com,https://www.belroseclassics.com/our-collection/,READY,8,1
BE,Car Cave,https://www.carcave.be,https://www.carcave.be,WATCH_JS,0,0
BE,Classic 42,https://classic42.be,https://classic42.be,READY,79,2
BE,Classic Legends Circle,https://www.classiclegends.be,https://www.classiclegends.be,NEEDS_CSS,6,0
BE,Classiccarhouse,http://www.classiccarhouse.com,http://www.classiccarhouse.com/klassieke-wagens/,READY,18,3
BE,Classics2drive BVBA,http://classics2drive.com,http://classics2drive.com,WATCH_JS,0,0
BE,Collection by Vermant,https://www.collectionbyvermant.be,https://www.collectionbyvermant.be/nl/collectie,READY,20,2
BE,Deman Brussels,https://www.demanbrussels.be,https://www.demanbrussels.be/fr/vehicles/,READY,68,3
BE,DriveCity,https://drivecity.be,https://drivecity.be/for-sale,NEEDS_CSS,39,0
BE,Gentleman Car spl,https://gentlemancar.be,https://gentlemancar.be/showroom-la-legende-shelby/,NEEDS_CSS,14,0
BE,House of Cars,https://www.houseofcars.be,https://www.houseofcars.be/nos-vehicules/,NEEDS_CSS,42,0
BE,KGC Automobiles,https://www.kgc-automobiles.com,https://www.kgc-automobiles.com/for-sale,READY,11,1
BE,Lekeux Classic Cars,https://www.lekeux.be,https://www.lekeux.eu/voitures-vendre,NEEDS_CSS,4,0
BE,LM Sportcars,https://www.lmsportcars.be,https://www.lmsportcars.be,WATCH_JS,0,0
BE,Machines with a Mission,https://machineswithamission.com,https://machineswithamission.com/machines-for-sale/,NEEDS_CSS,25,0
BE,Marcel Roks Consultants,http://mroks.com,http://mroks.com/stock,NEEDS_CSS,11,0
BE,Mecanic Import,http://www.mecanicimport.com,http://www.mecanicimport.com,WATCH_JS,0,0
BE,Nijsmans Classic Cars,https://www.nijsmans.com,https://www.nijsmans.com,WATCH_JS,0,0
BE,Octane Evo,https://www.octane-evo.com,https://www.octane-evo.com,WATCH_JS,0,0
BE,Officina Caira,https://www.officinacaira.com,https://www.officinacaira.com,READY,5,1
BE,Oldtimer Maasland,https://www.oldtimermaasland.be,https://www.oldtimermaasland.be,READY,3,1
BE,Oldtimerfarm BVBA,https://www.oldtimerfarm.be,https://www.oldtimerfarm.be,WATCH_JS,0,0
BE,Oldtimers Gilis,http://ww2.oldtimersgilis.be,https://ww2.oldtimersgilis.be/inventory/,NEEDS_CSS,13,0
BE,PCH Automotive,https://www.pch-automotive.be,https://www.pch-automotive.be,WATCH_JS,0,0
BE,Q Classic Cars,https://qclassiccars.be,https://qclassiccars.be,WATCH_JS,0,0
BE,Retro-City,https://www.retro-city.be,https://www.retro-city.be,WATCH_JS,0,0
BE,RMD bvba,http://www.rmd.be,http://www.rmd.be,NEEDS_CSS,5,0
BE,Rock ‘n Roll Classics,https://www.rnrclassics.be,https://www.rnrclassics.be/nl/stock,READY,24,3
BE,Speed 8 Classics Sales & Service,https://www.speed8classics.com,https://www.speed8classics.com,NEEDS_CSS,5,0
BE,The Paddocks,https://www.thepaddocks.be,https://www.thepaddocks.be,WATCH_JS,0,0
BE,TURN8,https://www.turn8cars.com,https://www.turn8cars.com/current-offerings,NEEDS_CSS,12,0
ES,Auto Storica,https://www.auto-storica.com,https://auto-storica.com/classic-cars-for-sale/,READY,32,2
ES,Autosalón Valencia,http://www.autosalon-valencia.com,http://www.autosalon-valencia.com,WATCH_JS,0,0
ES,Car Corral,http://www.carcorral.es,https://www.carcorral.es/ficha-vehiculo/bentley-t1--(-123.000km-)-1972/,NEEDS_CSS,13,0
ES,Clasicos Lamarc,https://www.clasicoslamarc.com,https://www.clasicoslamarc.com,WATCH_JS,0,0
ES,Clasicos Top Car,http://www.clasicostopcar.com,http://www.clasicostopcar.com,WATCH_JS,0,0
ES,Coast Classics,https://www.coast-classics.com,https://www.coast-classics.com,NEEDS_CSS,6,0
ES,De Blaye Exotics,https://www.deblaye.com,https://www.deblaye.com,READY,10,1
ES,Época Motor,https://www.epocamotor.com,https://www.epocamotor.com,NEEDS_CSS,5,0
ES,Leadercar Levante SL,https://www.leadercarlevante.com,https://www.leadercar.es/comprar-vehiculo/,NEEDS_CSS,22,0
ES,Retrosport SL,http://www.retrosport.es,http://www.retrosport.es,NEEDS_CSS,7,0
SE,Auto Classica of Sweden AB,https://www.autoclassica.com,https://www.autoclassica.com,NEEDS_CSS,6,0
SE,Classix by Schiebler,http://www.classix.se,https://www.classix.se/for-sale,READY,46,3
SE,Söderström Classic Sportscar,https://www.s-classics.com,https://www.s-classics.com,WATCH_JS,0,0
SE,Ucars exclusive AB,https://ucars.se,https://ucars.se,NEEDS_CSS,6,0
DK,CC Cars,https://www.cc-cars.dk,https://www.cc-cars.dk/showroom/,READY,24,3
DK,Copenhagen Classic Garage,https://www.ccgarage.dk,https://www.ccgarage.dk/collections/solgte-biler,READY,24,3
DK,DK Classic Cars,https://www.dkclassiccars.dk,https://www.dkclassiccars.dk,NEEDS_CSS,7,0
DK,Læborg Autohandel,http://laeborg-autohandel.dk,http://laeborg-autohandel.dk,NEEDS_CSS,5,0
DK,MLA Motors A/S,https://www.bernthansen.dk,https://www.bernthansen.dk,WATCH_JS,0,0
DK,Selected Car Investment,https://scinvestment.dk,https://scinvestment.com/showroom-solgte-biler/,READY,24,3
DK,Stelvio Automobili,https://stelvio.dk,https://stelvio.dk/cars,READY,100,3
PT,FS Automóveis,https://fsautomoveis.com,https://fsautomoveis.com/modernos/,READY,27,3
PT,Interclássicos,https://www.interclassico.com,https://www.interclassico.com,WATCH_JS,0,0
IE,David Golding Classic and Vintage,http://www.classicandvintage.ie,http://www.classicandvintage.ie,NEEDS_CSS,5,0
IE,Deane Motors,https://deanemotors.ie,https://deanemotors.ie/for-sale/,READY,23,3
IE,Mr Darcy’s classics ltd,http://www.mrdarcysclassics.com,https://www.mrdarcysclassics.com/cars,READY,13,3
LU,Art & Revs,http://www.artandrevs.com,http://www.artandrevs.com,NEEDS_CSS,4,0
LU,CarXpert,http://www.carxpert.lu,https://www.carxpert.lu/voitures-a-vendre/,NEEDS_CSS,23,0
LU,LL Classic Cars,https://llclassiccars.com,https://www.llclassiccars.com/nos-vehicules/,READY,161,3
