country,dealer,city,segments,specialty,website,email,source,size_est,scrapable,status,notes
DE,Thiesen Hamburg,Hamburg/Berlin,classic;modern-exotic,multi,https://www.thiesen-automobile.com,,self,105,static,integrated,scelle
DE,Hollmann International,Stuhr,classic;exotic,multi,https://www.hollmann-international.com,,self,,static,integrated,
DE,Mechatronik,Pleidelsheim,classic;restomod,Mercedes;supercars,https://www.mechatronik.de,,self,17,static,integrated,specialiste 300 SL
DE,Cargold Collection,Frankfurt,classic,multi,https://www.cargold-collection.com,,self,57,static,integrated,
DE,Eberhard Thiesen,Rendsburg,classic,multi,https://classiccarsgermany.eu,,self,24,static,integrated,
DE,A + C Auto Classic,Siershahn,classic,,http://www.ac-autoclassic.de,info@a-und-c.com,superclassics,,unknown,candidate,
DE,AC classics,Linnich,classic,,http://www.ac-classics.de,sv@ac-classics.de,superclassics,,unknown,candidate,
DE,Adelman Sportwagen,Berlin,classic,,https://sportwagen-adelmann.de,ma@sportwagen-adelmann.de,superclassics,,unknown,candidate,
DE,AixClusive cars ’n more GmbH & Co. KG,Aachen,classic,,https://www.aixclusive.com,siebertz@aixclusive.com,superclassics,,unknown,candidate,
DE,Andy’s Classic Cars,Viechtach,classic,,https://www.andys-classic-cars.de,info@andys-classic-cars.de,superclassics,,unknown,candidate,
DE,AnMark Classic,Wülfrath,classic,,http://anmarkclassic.de,classic.cars@gmx.de,superclassics,,unknown,candidate,
DE,Arden Automobilbau GmbH,Krefeld,classic,,https://www.arden.de,arden@arden.de,superclassics,,unknown,candidate,
DE,Arnold Classic GmbH,Lauenau,classic,,https://www.arnold-classic.com,info@arnold-classic.com,superclassics,,unknown,candidate,
DE,Auto Salon Singen GmbH,Singen,classic,,https://www.auto-salon-singen.de,info@autosalon-singen.de,superclassics,,unknown,candidate,
DE,Autohaus Hans Saturski GmbH,Frankfurt am Main,classic,,https://autohaus-saturski.de,auto.saturski@t-online.de,superclassics,,unknown,candidate,
DE,Automakler Nordheide,Heidenau,classic,,https://automakler-nordheide.de,info@automakler-nordheide.de,superclassics,,unknown,candidate,
DE,Automobile Zeitreise,Westerau,classic,,https://www.automobile-zeitreise.de,info@automobile-zeitreise.de,superclassics,,unknown,candidate,
DE,Automobilia Fabrik,Waldfeucht,classic,,http://www.automobilia-fabrik.de,automobiliaart@web.de,superclassics,,unknown,candidate,
DE,Autosalon Isartal,Baierbrunn,classic,,http://www.autosalon-isartal.de,service@autosalon-isartal.de,superclassics,,unknown,candidate,
DE,AutoSL,Neuss,classic,,https://autosl.de,info@autosl.de,superclassics,,unknown,candidate,
DE,AutoToyStore GmbH,Starnberg,classic,,http://www.autotoystore.de,info@autotoystore.de,superclassics,,unknown,candidate,
DE,Axel Schuette Fine Cars,Oerlinghausen,classic,,https://axelschuette.de,info@axelschuette.de,superclassics,,unknown,candidate,
DE,Bastian Voigt Collectors Cars GmbH,Verl,classic,,https://www.bastianvoigt.de,bastian@bastianvoigt.de,superclassics,,unknown,candidate,
DE,BFC-Cars,Müllheim,classic,,https://bfc-cars.de,info@bfc-cars.de,superclassics,,unknown,candidate,
DE,Bratke Exclusive Cars,Düsseldorf,classic,,https://bratke.de,info@bratke.de,superclassics,,unknown,candidate,
DE,C.O.G. Classics GmbH Düsseldorf,Düsseldorf,classic,,https://www.cog-classics.com,info@cog-classics.com,superclassics,,unknown,candidate,
DE,Car Classics Cologne GmbH,Bergheim,classic,,https://car-classics.de,info@car-classics.de,superclassics,,unknown,candidate,
DE,Car Range Automobile GmbH,Hamburg,classic,,http://www.car-range.de,info@car-range.de,superclassics,,unknown,candidate,
DE,Carruca GmbH,Stephanskirchen,classic,,https://www.carruca.com,info@carruca.com,superclassics,,unknown,candidate,
DE,Chromecars,Laasdorf,classic,,https://www.chromecars.de,info@chromecars.de,superclassics,,unknown,candidate,
DE,Classic Carage Celle,Lachendorf,classic,,https://www.classicgaragecelle.de,info@classicgaragecelle.de,superclassics,,unknown,candidate,
DE,Classic Cars Baden-Baden,Baden-Baden,classic,,https://www.classiccars-badenbaden.de,pg@autohaus-stefan.de,superclassics,,unknown,candidate,
DE,Classic Cars Dornstetten GmbH,Dornstetten,classic,,https://www.classic-cars-dornstetten.de,info@classic-cars-dornstetten.de,superclassics,,unknown,candidate,
DE,Classic Cars GmbH,Heide,classic,,https://motorwagen.com,info@motorwagen.com,superclassics,,unknown,candidate,
DE,Classic Center Köln,Köln,classic,,https://www.classiccenter-koeln.de,info@classiccenter-koeln.de,superclassics,,unknown,candidate,
DE,Classic & Race Cars Peter Schleifer GmbH & Co. KG,Leipheim,classic,,http://www.classic-and-racecars.com,info@classic-and-racecars.com,superclassics,,unknown,candidate,
DE,Classic & Racing Cars GbR,Hohenbrunn,classic,,https://crcars.de,info@crcars.de,superclassics,,unknown,candidate,
DE,ClassicCar Berlin TF GmbH,Berlin,classic,,http://www.classiccar-berlin.de,info@classiccar-berlin.de,superclassics,,unknown,candidate,
DE,collection-car a brand SEMO GmbH,Böblingen,classic,,http://www.collection-car.com,info@collection-car.com,superclassics,,unknown,candidate,
DE,David Finest Sports Cars,Hamburg,classic,,https://davidsportscars.de,info@davidsportscars.de,superclassics,,unknown,candidate,
DE,Der Autojäger,Hamburg,classic,,https://www.derautojaeger.de,info@derautojaeger.de,superclassics,,unknown,candidate,
DE,DLS Automobile,Fellbach,classic,,https://dls-automobile.com,info@dls-automobile.de,superclassics,,unknown,candidate,
DE,Dresdner Klassiker Handel GmbH,Dresden,classic,,https://klassiker-handel.de,info@klassiker-handel.de,superclassics,,unknown,candidate,
DE,Garage 11 Hamburg,Hamburg,classic,,https://www.garage-11.de,start@garage-11.de,superclassics,,unknown,candidate,
DE,go.911 – markus schenkl,Müllenbach,race;rally,,http://go911.net,go.911@mac.com,superclassics,,unknown,candidate,
DE,Gräf Classic Cars,Worms,classic,,https://www.graef-classic-cars.com,info@graef-classic-cars.com,superclassics,,unknown,candidate,
DE,Grand Sports Cars,,classic,,https://www.grand-sportcars.de,mail@grand-sportcars.de,superclassics,,unknown,candidate,
DE,GT Sport & Classic,Bielefeld,classic,,https://www.gt-sport-classic.de,info@gt-sport-classic.de,superclassics,,unknown,candidate,
DE,Hallier Classic Cars GmbH,Ahrensburg,classic,,http://hallierclassiccars.com,info@hallier-classic-cars.de,superclassics,,unknown,candidate,
DE,Handelshaus Steffen,Hamburg,classic,,https://www.hsexclusiv.de,hsexclusiv@hsexclusiv.de,superclassics,,unknown,candidate,
DE,Herz Classic Mobile,Geisenhausen,classic,,https://www.herz-classic-mobile.de,info@herz-classic-mobile.de,superclassics,,unknown,candidate,
DE,Histomobile GmbH,Pulheim,classic,,http://www.histo-mobile.com,info@histo-mobile.com,superclassics,,unknown,candidate,
DE,Jacobs Classic,Eschweiler,classic,,http://www.jacobs-classic.de,michael.haas@jacobs-classic.de,superclassics,,unknown,candidate,
DE,Jan B. Lühn,Münster,classic,,http://www.janluehn.com,jl@janluehn.com,superclassics,,unknown,candidate,
DE,K&F Classic Cars,Murr,classic,,https://www.kf-classic-cars.de,info@kf-classic-cars.de,superclassics,,unknown,candidate,
DE,Klassische Automobile GmbH & Co. KG,Düsseldorf,classic,,https://kw1978.com,info@kw1978.com,superclassics,,unknown,candidate,
DE,Klassische Automobile Wesel,Wesel,classic,,http://klassische-automobile-wesel.de,p.busch@klassische-automobile-wesel.de,superclassics,,unknown,candidate,
DE,Klatt Oldtimer GmbH,Bremen,classic,,https://www.klatt-oldtimer.com,info@klatt-oldtimer.de,superclassics,,unknown,candidate,
DE,Koch Klassik Automobil GmbH,Wehrheim,classic,,https://koch-klassik.de,info@koch-klassik.de,superclassics,,unknown,candidate,
DE,Martin Kölnberger | Classic Cars,Aachen,classic,,https://koelnberger-cars.de,info@koelnberger-cars.de,superclassics,,unknown,candidate,
DE,Martini Garage,Heilbronn,classic,,https://www.martini-racing.com,ubm@martini-garage.com,superclassics,,unknown,candidate,
DE,Mayer Classic Cars,Ingolstadt,classic,,https://www.mayer-classic-cars.de,mayerclassiccars@web.de,superclassics,,unknown,candidate,
DE,Mehne Automobiles,Norderstedt,classic,,http://www.mehneautomobiles.de,info@mehneautomobiles.de,superclassics,,unknown,candidate,
DE,Messina Classics,Böblingen,classic,,http://www.messinaclassics.de,office@messinaclassics.de,superclassics,,unknown,candidate,
DE,Mirbach & Seemann GmbH,Schenefeld,classic,,https://www.mirbach-seemann.de,mail@mirbach-seemann.de,superclassics,,unknown,candidate,
DE,Mohr Group München,München,exotic,,https://group-mohr.com,info@group-mohr.com,superclassics,,unknown,candidate,
DE,Movendi GmbH & CO .KG,Düsseldorf,classic,,https://mo-vendi.de,info@mo-vendi.de,superclassics,,unknown,candidate,
DE,Oldtimer Centrum Aachen,Aachen,classic,,http://www.oldtimercentrum-aachen.de,info@oldtimercentrum-aachen.de,superclassics,,unknown,candidate,
DE,Oldtimer Galerie Laufenburg,Laufenburg,classic,,https://www.die-oldtimer-galerie.de,info@die-oldtimer-galerie.de,superclassics,,unknown,candidate,
DE,Pre-Select – fine Collectible Cars,Berlin,classic,,http://www.pre-select.net,info@pre-select.net,superclassics,,unknown,candidate,
DE,Pyritz Classics GmbH,Frankfurt am Main,classic,,https://pyritz-classics.de,pyritz@pyritz-classics.de,superclassics,,unknown,candidate,
DE,Rare Birds GmbH & Co. KG,Freiburg,race;rally,,https://rare-birds.de,info@rare-birds.de,superclassics,,unknown,candidate,
DE,Reller Automobile GmbH,Paderborn,classic,,https://www.reller-automobile.de,info@reller-automobile.de,superclassics,,unknown,candidate,
DE,Retrocars Bremen GmbH,Bremen,classic,,https://retrocars-bremen.de,retrocars-bremen@email.de,superclassics,,unknown,candidate,
DE,Savex GmbH,Karlsdorf,classic,,https://www.savex-gmbh.com,wolfgang.buehler@savex.de,superclassics,,unknown,candidate,
DE,Schaltkulisse GmbH,Taufkirchen,classic,,https://schaltkulisse.com,info@schaltkulisse.de,superclassics,,unknown,candidate,
DE,Schwarzenbach Agentur für klassische Automobile,Eching am Ammersee,classic,,https://schwarzenbach-automobile.de,info@schwarzenbach-automobile.de,superclassics,,unknown,candidate,
DE,Scuderia Renania GmbH,Düsseldorf,classic,,https://www.scuderia-renania.com,bauer@scuderia-renania.com,superclassics,,unknown,candidate,
DE,Springbok Sportwagen GmbH,Isernhagen,classic,,https://www.springbok.de,info@springbok.de,superclassics,,unknown,candidate,
DE,Steenbuck Automobiles GmbH,Gödenstorf,classic,,https://steenbuck-automobiles.de,info@steenbuck-automobiles.de,superclassics,,unknown,candidate,
DE,Stehling Automobile,Berlin,classic,,,info@youngtimer.biz,superclassics,,unknown,vetting,site a confirmer - extrait=youngtimer.biz
DE,Strassenklassiker,Münster,classic,,https://strassenklassiker.de,info@strassenklassiker.de,superclassics,,unknown,candidate,
DE,Superplus Classics & Sportscars,Münster,classic,,http://superplus-classics.de,c.hampe@superplus-clssics.de,superclassics,,unknown,candidate,
DE,Thonemann Sportwagen,BP Breda,classic,,,info@epaca.nl,superclassics,,unknown,vetting,site a confirmer - extrait=plateforme epaca.nl
DE,Vintage Automobile Thomas Borchers,Elsfleth,classic,,http://6.borchers-oldtimer.de,info@vintage-automobile.de,superclassics,,unknown,candidate,
DE,Wagen12 GmbH,Bopfingen,classic,,https://www.wagen12.de,info@wagen12.de,superclassics,,unknown,candidate,
DE,Weekend Heroes,München,classic,,https://www.weekendheroes.com,info@weekendheroes.com,superclassics,,unknown,candidate,
NL,1900 Classics BV,CG Hilversum,classic,,http://www.classiccarinformation.com,hogcars@xs4all.nl,superclassics,,unknown,candidate,
NL,ABH auto’s & accessoires,LB Cruquius,classic,,https://abh1.nl,verkoop@abh1.nl,superclassics,,unknown,candidate,
NL,Aclassics,MJ Utrecht,classic,,https://www.aclassics.nl,marcel@aclassics.nl,superclassics,,unknown,candidate,
NL,AK-automobiles Bergeijk,SK Bergeijk,classic,,https://www.ak-automobiles.nl,info@ak-automobiles.nl,superclassics,,unknown,candidate,
NL,Almere Classic Cars,EE Almere Haven,classic,,https://www.almereclassiccars.nl,info@almereclassiccars.nl,superclassics,,unknown,candidate,
NL,Alphons Ruyl Fine Classic Cars,AE Elsloo,classic,,http://www.ruylclassics.nl,info@autoruyl.nl,superclassics,,unknown,candidate,
NL,Auto Leitner,Alkmaar,youngtimer,,https://www.autoleitner.nl,info@autoleitner.nl,superclassics,,unknown,candidate,
NL,Auto Mooij,TT Beek en Donk,classic,,https://www.automooij.nl,info@automooij.nl,superclassics,,unknown,candidate,
NL,Auto Timon,AD Oss,youngtimer,,https://auto-timon.nl,info@auto-timon.nl,superclassics,,unknown,candidate,
NL,Autobedrijf Brit,AT Tilburg,classic,,http://www.autobedrijfbrit.nl,info@autobedrijfbrit.nl,superclassics,,unknown,candidate,
NL,Autobedrijf Jansma,HD Wijnjewoude,classic,,https://autobedrijfjansma.nl,info@autobedrijfjansma.nl,superclassics,,unknown,candidate,
NL,Autobedrijf Robert Wagner,TG Veenoord,classic,,https://robertwagner.nl,contact@robertwagner.nl,superclassics,,unknown,candidate,
NL,Automobielhuys Misker,HE Nieuw-Amsterdam,classic,,https://automobielhuysmisker.nl,info@automobielhuysmisker.nl,superclassics,,unknown,candidate,
NL,Baan Classics,ND Hengelo,classic,,https://baanautomotive.nl,info@baanhengelo.nl,superclassics,,unknown,candidate,
NL,Beauty Cars,EX Driebergen-Rijsenburg,classic,,https://beauty-cars.nl,alfred.hubbeling@beauty-cars.nl,superclassics,,unknown,candidate,
NL,Big Boys Toys,AL Hoevelaken,classic,,https://www.bigboystoys.nl,verkoop@bigboystoys.nl,superclassics,,unknown,candidate,
NL,Bloemendaal Classic & Sportscars,TC Rijssen,classic,,https://www.bloemendaalcs.nl,info@bloemendaalcs.nl,superclassics,,unknown,candidate,
NL,Brescia Classics,RN Heerhugowaard,classic,,https://www.bresciaclassics.nl,info@bresciaclassics.nl,superclassics,,unknown,candidate,
NL,Brooks Classics,MB Utrecht,classic,,https://www.brooksclassics.nl,brooks@broekhuis.nl,superclassics,,unknown,candidate,
NL,Carel Wüst Classics,LE Oud-Beijerland,classic,,https://carelwustclassics.nl,info@carelwustclassics.nl,superclassics,,unknown,candidate,
NL,Carrosso Classic & Sportscars,HN Oldemarkt,classic,,https://www.carrosso.nl,sales@carrosso.eu,superclassics,,unknown,candidate,
NL,Cars Forever,KE Oisterwijk,classic,,https://carsforever.nl,info@carsforever.nl,superclassics,,unknown,candidate,
NL,CL Classics Racing,AC Zwolle,classic,,https://classics-racing.nl,info@ceeslubbers.nl,superclassics,,unknown,candidate,
NL,Classic Cars Heerde,EX Heerde,classic,,https://classiccarsheerde.nl,info@classiccarsheerde.nl,superclassics,,unknown,candidate,
NL,Classic Open,XN Ede,classic,,https://en.classicopen.eu,sales@classicopen.eu,superclassics,,unknown,candidate,
NL,Classic Park,VK Boxtel,classic,,https://www.classicpark.nl,info@classicpark.nl,superclassics,,unknown,candidate,
NL,Classic Sports Cars Holland,De Meern,classic,,https://classicsportscarsholland.com,info@cscholland.com,superclassics,,unknown,candidate,
NL,Classic & Sportscar Hofman Leek,PV Leek,classic,,https://www.hofman.nl,mail@hofman.nl,superclassics,,unknown,candidate,
NL,Classicmaster,XC Oud Gastel,classic,,https://classicmaster.nl,info@classicmaster.nl,superclassics,,unknown,candidate,
NL,Classics-World,JE Erlecom,classic,,https://classics-world.com,info@classics-world.com,superclassics,,unknown,candidate,
NL,Continental Cars,SW Hoornsterzwaag,classic,,http://www.continentalcars.nl,info@continentalcars.nl,superclassics,,unknown,candidate,
NL,Cool Classic Club,AN Naarden,classic,,https://coolclassicclub.com,info@coolclassicclub.com,superclassics,,unknown,candidate,
NL,Dandy Classics,ET Sint Anthonis,classic,,https://www.dandyclassics.com,info@dandyclassics.com,superclassics,,unknown,candidate,
NL,De Croon Classic Cars & More,AL Twello,classic,,https://decroonclassics.nl,info@decroonclassics.nl,superclassics,,unknown,candidate,
NL,De Klassieker RVO,TH Schijndel,classic,,https://www.deklassieker.com,info@deklassieker.com,superclassics,,unknown,candidate,
NL,DeLeon B.V.,AK Tilburg,classic,,https://deleonclassiccars.com,info@deleonclassiccars.nl,superclassics,,unknown,candidate,
NL,Dijkstra Classic Cars & Youngtimers,AZ Sexbierum,youngtimer,,https://www.dijkstra-classic-cars.nl,sicco@dijkstra-classic-cars.nl,superclassics,,unknown,candidate,
NL,Dream Garage Classic & Sports cars,EP Gronsveld,classic,,https://www.dreamgarage.nl,info@dreamgarage.nl,superclassics,,unknown,candidate,
NL,E&R Classics,,classic,,https://www.erclassics.com,books@chaters.co.uk,superclassics,,unknown,candidate,
NL,Fine Automobiles,KS Maastricht,classic,,https://fineautomobiles.nl,info@fineautomobiles.nl,superclassics,,unknown,candidate,
NL,FS Cars Den Helder,AZ Den Helder,classic,,https://fscars.eu,info@fscars.eu,superclassics,,unknown,candidate,
NL,Gallery Aaldering,,classic,,https://www.gallery-aaldering.com,books@chaters.co.uk,superclassics,,unknown,candidate,
NL,Garage Maestricht,NJ Maastricht,classic,,https://www.garagemaestricht.nl,didier@garagemaestricht.nl,superclassics,,unknown,candidate,
NL,Gerard Kramer Klassiekers,XL Wolvega,classic,,https://www.gerardkramerklassiekers.nl,info@gerardkramerklassiekers.nl,superclassics,,unknown,candidate,
NL,HCC – Holland Car Company B.V.,MD Moordrecht,classic,,https://hollandcarcompany.nl,info@hollandclassiccars.nl,superclassics,,unknown,candidate,
NL,Heideveld Classics,RS Zwolle,classic,,https://www.heideveldclassiccars.com,fordmustangclassics@gmail.com,superclassics,,unknown,candidate,
NL,Heijstee Classics,GD Naarden,classic,,https://www.heijsteeclassics.com,info@heijsteeclassics.com,superclassics,,unknown,candidate,
NL,Heritage Cars,AW Delft Delft,classic,,https://www.heritagecars.nl,geert@heritagecars.nl,superclassics,,unknown,candidate,
NL,Historic Motoring,JZ 's-Graveland,classic,,http://www.historicmotoring.com,historicoffice@planet.nl,superclassics,,unknown,candidate,
NL,HooG Selections,AH Katwijk aan Zee,classic,,https://hoogselections.nl,info@hoogselections.nl,superclassics,,unknown,candidate,
NL,Ibalo luxury sportscars bv,ST Goor,exotic,,https://ibalo.nl,info@ibalo.nl,superclassics,,unknown,candidate,
NL,Jansen Cars & Classics,BL Hierden,classic,,https://jansencarsenclassics.nl,info@jansencarsenclassics.nl,superclassics,,unknown,candidate,
NL,Kaeve Cars,AA Uden,classic,,https://kaevecars.com,info@kaevecars.com,superclassics,,unknown,candidate,
NL,KennisCars,XE Valkenswaard,classic,,https://www.kenniscars.nl,info@kenniscars.nl,superclassics,,unknown,candidate,
NL,La Salle Classic Cars,LJ Alphen aan den Rijn,classic,,https://lasalleclassiccars.com,info@lasalleclassiccars.nl,superclassics,,unknown,candidate,
NL,Legendary Classics,EN Etten-Leur,classic,,,info@legendaryclassics.nl,superclassics,,unknown,candidate,
NL,Liberty Cars,PM Valkenburg,classic,,https://libertycars-classics.com,info@libertycars.nl,superclassics,,unknown,candidate,
NL,Loubann Cars,LJ Boxtel,classic,,https://www.loubanncars.nl,info@loubanncars.nl,superclassics,,unknown,candidate,
NL,Marmini Cars,RB Geleen,classic,,https://www.marminicars.nl,marminicars@online.nl,superclassics,,unknown,candidate,
NL,Maxima Classic Cars,NH Saasveld,classic,,https://www.maximaclassiccars.nl,verkoop@maximaclassiccars.nl,superclassics,,unknown,candidate,
NL,Metropole,KV Druten,classic,,https://metropoleclassics.com,sales@metropole.nl,superclassics,,unknown,candidate,
NL,Millstone Classics,JL Breda,classic,,https://www.millstoneclassics.com,info@millstoneclassics.com,superclassics,,unknown,candidate,
NL,NEXT Exclusives,BJ Limmen,youngtimer,,https://www.nextexclusives.nl,info@nextexclusives.nl,superclassics,,unknown,candidate,
NL,Noordhuis Classics,GP Nieuwleusen,classic,,https://noordhuis-classics.nl,info@noordhuis-classics.nl,superclassics,,unknown,candidate,
NL,Nosstalgia Classics,AB Drachten,classic,,https://www.nosstalgia.nl,info@nosstalgia.eu,superclassics,,unknown,candidate,
NL,Nout Classic Cars B.V.,CL Dirksland,classic,,https://www.noutclassiccars.nl,info@noutclassiccars.nl,superclassics,,unknown,candidate,
NL,Passion 4 Classics,JH Hilversum,classic,,https://passion4classics.eu,info@passion4classics.nl,superclassics,,unknown,candidate,
NL,Perfect Cars,EN Nijverdal,youngtimer,,https://www.perfectcars.nl,info@perfectcars.nl,superclassics,,unknown,candidate,
NL,Premium Classics,RM Boxtel,youngtimer,,https://www.premiumclassics.nl,info@premiumclassics.nl,superclassics,,unknown,candidate,
NL,Prins Classics,SC Nunspeet,classic,,https://www.wimprins.nl,verkoop@wimprins.nl,superclassics,,unknown,candidate,
NL,Real Art on Wheels BV,MN Burgerveen,classic,,https://realartonwheels.com,info@realartonwheels.com,superclassics,,unknown,candidate,
NL,Redra Auto Speziale,CJ Liempde,youngtimer,,https://www.redraautospeziale.nl,info@redraautospeziale.nl,superclassics,,unknown,candidate,
NL,RHB Classics B.V.,MX Geldermalsen,classic,,https://www.rhb-classics.nl,info@rhb-classics.nl,superclassics,,unknown,candidate,
NL,RS Carshop,AT Guttecoven,youngtimer,,https://www.rscarshop.nl,info@rscarshop.nl,superclassics,,unknown,candidate,
NL,S2 Classic Cars,ND Hengelo,classic,,https://www.s2-cc.com,info@s2-cc.com,superclassics,,unknown,candidate,
NL,Sander Buitink Auto’s,BX Zelhem,classic,,https://www.sanderbuitinkautos.nl,info@sanderbuitinkautos.nl,superclassics,,unknown,candidate,
NL,Sloetjes Classic & Exclusive Cars,DP Dinxperlo,classic,,https://www.sloetjesclassics.nl,ws@autobedrijfsloetjes.nl,superclassics,,unknown,candidate,
NL,Starchiefs Classic Cars,DS Meerkerk,classic,,https://www.starchiefs.nl,dirk@starchiefs.nl,superclassics,,unknown,candidate,
NL,Stuurman Classic Cars,NL Herkenbosch,classic,,https://www.stuurmanclassiccars.nl,stuurmanclassiccars@wxs.nl,superclassics,,unknown,candidate,
NL,The Houtkamp Collection,JN Ouderkerk aan de Amstel,classic,,https://houtkamp.nl,info@houtkamp.nl,superclassics,,unknown,candidate,
NL,Vehikel Classic Cars,EX Cruquius,classic,,https://vehikel.com,sales@vehikel.com,superclassics,,unknown,candidate,
NL,Vemu Car Classics,AG Rijnsburg,classic,,https://www.vemucars.com,info@vemucars.com,superclassics,,unknown,candidate,
NL,Venema Antiques & Classic Cars,AA Drempt,classic,,https://www.venemaantiques.nl,info@venemaantiques.nl,superclassics,,unknown,candidate,
NL,Veni Vidi Vici B.V.,NS Castricum,classic,,https://venividivici.info,info@venividivici.info,superclassics,,unknown,candidate,
NL,VSOC; Very Superior Old Cars,TW Sassenheim,classic,,http://www.vsoc.nl,info@vsoc.nl,superclassics,,unknown,candidate,
NL,Wheels by Lex,MT Waalwijk,classic,,https://wheelsbylex.nl,lex@wheelsbylex.nl,superclassics,,unknown,candidate,
NL,Your Classic Car,AG Naarden,classic,,https://www.yourclassiccar.nl,info@yourclassiccar.nl,superclassics,,unknown,candidate,
UK,4 Star Classics,,classic,,http://www.4starclassics.com,sales@4starclassics.com,superclassics,,unknown,candidate,
UK,Adrian Blyth Specialist Cars,,classic,,https://www.adrianblyth.com,adrian@adrianblyth.com,superclassics,,unknown,candidate,
UK,AK Sportscars Ltd.,,classic,,https://www.aksportscars.co.uk,mail@aksportscars.co.uk,superclassics,,unknown,candidate,
UK,Alan Carrington Classic Cars,,classic,,https://www.alancarrington.com,info@alancarrington.com,superclassics,,unknown,candidate,
UK,Amari Super Cars,,exotic,,https://www.amarisupercars.com,sales@amarisupercars.com,superclassics,,unknown,candidate,
UK,Andrew Hardy Classics,,classic,,https://www.hardyclassics.co.uk,hardyclassics@yahoo.com,superclassics,,unknown,candidate,
UK,Arun Holdings,,classic,,https://www.arunholdings.co.uk,paul@arunholdings.co.uk,superclassics,,unknown,candidate,
UK,Auto Classico,,classic,,https://www.autoclassico.co.uk,sales@autoclassico.co.uk,superclassics,,unknown,candidate,
UK,Auto Union,,classic,,http://auto-union.co,info@auto-union.co,superclassics,,unknown,candidate,
UK,Automobiles Historiques,,classic,,https://www.automobileshistoriques.com,cars@automobileshistoriques.com,superclassics,,unknown,candidate,
UK,Autostorico Ltd,,classic,,http://www.autostorico.co.uk,sales@autostorico.co.uk,superclassics,,unknown,candidate,
UK,Autovero,,classic,,https://autovero.co.uk,sales@autovero.co.uk,superclassics,,unknown,candidate,
UK,Avantgarde Classics Ltd.,,classic,,https://www.avantgardeclassics.co.uk,sales@avantgardeclassics.co.uk,superclassics,,unknown,candidate,
UK,Charlestown Classics,E Main St,classic,,https://www.charlestownclassics.com,info@charlestownclassics.com,superclassics,,unknown,candidate,
UK,Baynards Motor Company,,classic,,https://www.baynards.com,baynards@baynards.com,superclassics,,unknown,candidate,
UK,Bicester Sports & Classics,,classic,,https://bicestersportscars.co.uk,nick@bicestersportscars.co.uk,superclassics,,unknown,candidate,
UK,Birchfield Classics,,classic,,http://www.birchfieldclassics.co.uk,info@birchfieldclassics.co.uk,superclassics,,unknown,candidate,
UK,Black & White Cars of Bournemouth,,classic,,http://www.blackandwhitecarsbmth.com,info@superclassics.eu,superclassics,,unknown,candidate,
UK,Blue Butts Chequered Flag,,classic,,https://www.classiccarbluebutts.co.uk,the.woods@zen.co.uk,superclassics,,unknown,candidate,
UK,Bob Forstner,,classic,,https://www.bobforstner.com,contact@bobforstner.co.uk,superclassics,,unknown,candidate,
UK,Bradley James Classics Ltd,,classic,,https://www.bradleyjamesclassics.co.uk,info@bradleyjamesclassics.co.uk,superclassics,,unknown,candidate,
UK,Bramley Motor Cars,,exotic,,https://www.bramley.com,mail@bramley.com,superclassics,,unknown,candidate,
UK,Brian Classic & Co.,,classic,,http://brianclassiccars.com,sales@brianclassiccars.com,superclassics,,unknown,candidate,
UK,Car-iconics Ltd,,classic,,https://www.car-iconics.com,daniel@car-iconics.com,superclassics,,unknown,candidate,
UK,Cars International,,classic,,http://www.carsinternational.com,info@carsinternational.com,superclassics,,unknown,candidate,
UK,Chelsea Cars,,classic,,http://www.chelseacars.com,info@chelseacars.com,superclassics,,unknown,candidate,
UK,Classic Automobiles Worldwide Ltd,,classic,,http://www.classic-car-london.com,sales@classic-car-london.com,superclassics,,unknown,candidate,
UK,Classic Cars of Wirral Ltd,,classic,,https://classiccarsofwirral.co.uk,sales@classiccarswirral.co.uk,superclassics,,unknown,candidate,
UK,Classic Chrome Ltd,,classic,,https://www.classic-chrome.net,sales@classic-chrome.co.uk,superclassics,,unknown,candidate,
UK,Classic Classics,,classic,,https://classicclassics.co.uk,sales@ggsteel.co.uk,superclassics,,unknown,candidate,
UK,Cleevewood Garage,,classic,,https://www.allsportscars.co.uk,sales@allsportscars.co.uk,superclassics,,unknown,candidate,
UK,Cult Status Cars,,classic,,https://www.cultstatuscars.com,sales@cultstatuscars.com,superclassics,,unknown,candidate,
UK,Daniel Myers Ltd,,exotic,,https://www.danielmyersltd.co.uk,daniel@danielmyersltd.co.uk,superclassics,,unknown,candidate,
UK,DD Classics,,classic,,https://ddclassics.com,info@ddclassics.com,superclassics,,unknown,candidate,
UK,Devonshire Motor Company,,youngtimer,,https://devonshiremotorcompany.co.uk,sales@dmc-porsche.co.uk,superclassics,,unknown,candidate,
UK,Duncan Hamilton Rofgo,,race;rally,,https://www.dhrofgo.com,sales@dhrofgo.com,superclassics,,unknown,candidate,
UK,Dylan Miles Ltd.,,classic,,https://www.dylan-miles.com,sales@dylan-miles.com,superclassics,,unknown,candidate,
UK,Epping Motor Co,,classic,,http://www.eppingmotorcompany.com,sales@eppingmotorcompany.com,superclassics,,unknown,candidate,
UK,Fiskens Fine Historic Automobiles,,classic,,https://www.fiskens.com,cars@carsfiskens.com,superclassics,,unknown,candidate,
UK,Gasoline Alley Ltd,,classic,,https://www.gasolinealley.co.uk,info@gasolinealleybingley.co.uk,superclassics,,unknown,candidate,
UK,Girardo & Co.,,classic,,https://girardo.com,info@girardo.com,superclassics,,unknown,candidate,
UK,Godin Sporting Cars & Motorcycles Ltd.,,classic,,https://anthonygodin.co.uk,ant@anthonygodin.co.uk,superclassics,,unknown,candidate,
UK,Graeme Hunt Ltd.,,classic,,https://www.graemehunt.com,mail@graemehunt.com,superclassics,,unknown,candidate,
UK,Hall & Hall,,race;rally,,https://hallandhall.net,info@hallandhall.net,superclassics,,unknown,candidate,
UK,Hendon Way Motors,,classic,,https://www.hendonwaymotors.co.uk,sales@hendonwaymotors.com,superclassics,,unknown,candidate,
UK,Hexagon Classics,,classic,,https://www.hexagonclassics.com,sales@hexagonclassics.com,superclassics,,unknown,candidate,
UK,Howard Wise Cars,,classic,,http://howardwisecars.co.uk,howard@howardwise.co.uk,superclassics,,unknown,candidate,
UK,Jarrah Venables,,classic,,https://www.jarrahvenables.com,jv@jarrahvenables.com,superclassics,,unknown,candidate,
UK,Justin Banks Ltd.,,classic,,http://www.justinbanks.com,justin@justinbanks.com,superclassics,,unknown,candidate,
UK,KGF Classic Cars,,classic,,https://www.kgfclassiccars.co.uk,info@kgfclassiccars.co.uk,superclassics,,unknown,candidate,
UK,Kim Cairns Classic Cars,,classic,,https://www.kimcairnsclassics.co.uk,kimcairnsltd@gmail.com,superclassics,,unknown,candidate,
UK,Legends Automotive Ltd,,race;rally,,http://www.legendsautomotive.co.uk,info@legends-sales.com,superclassics,,unknown,candidate,
UK,Mike Abbas Classic Cars,,classic,,http://www.mikeabbasclassiccars.co.uk,abbasjav@hotmail.com,superclassics,,unknown,candidate,
UK,Milestone Classics,,classic,,http://milestoneclassics.co.uk,enquiries@milestoneclassics.co.uk,superclassics,,unknown,candidate,
UK,MJR Classic Cars,,classic,,https://www.a1mretroclassics.co.uk,mjrcassiccars@gmail.com,superclassics,,unknown,candidate,
UK,Mole Valley Specialist Cars Ltd,,classic,,https://www.mole-valley.co.uk,sales@mole-valley.co.uk,superclassics,,unknown,candidate,
UK,O’Kane Lavers Ltd,,classic,,https://www.okanelavers.com,info@okanelavers.com,superclassics,,unknown,candidate,
UK,Pendine Historic Cars Ltd.,,classic,,https://pendine.com,cars@pendine.com,superclassics,,unknown,candidate,
UK,Percival Motor Company,,classic,,https://percivalmotorco.co.uk,info@percivalmotorco.co.uk,superclassics,,unknown,candidate,
UK,Peter Bradfield Ltd,,classic,,https://www.bradfieldcars.com,peter@bradfieldcars.com,superclassics,,unknown,candidate,
UK,Peter Jarvis Classic Cars,,classic,,http://peterjarvis.net,pjarvis646@aol.com,superclassics,,unknown,candidate,
UK,Romans International Ltd,,exotic,,https://www.romansinternational.com,sales@romansinternational.com,superclassics,,unknown,candidate,
UK,Rory Henderson,,classic,,https://roryhenderson.com,info@roryhenderson.com,superclassics,,unknown,candidate,
UK,Slades Garage,,classic,,https://www.slades-garage.co.uk,daniel@sladesgarage.com,superclassics,,unknown,candidate,
UK,Speedmaster Cars,,classic,,https://speedmastercars.com,info@speedmastercars.com,superclassics,,unknown,candidate,
UK,Spinningwheel Classic Cars,,classic,,https://www.spinningwheelclassiccars.com,sales@spinning-wheel.net,superclassics,,unknown,candidate,
UK,St Andrews Autos,,classic,,https://www.standrewsautos.co.uk,sales@standrewsautos.co.uk,superclassics,,unknown,candidate,
UK,Sussex Sports Cars,,classic,,http://www.sussexsportscars.co.uk,sales@sussexsportscars.co.uk,superclassics,,unknown,candidate,
UK,Taylor & Crawley,,race;rally,,https://taylorandcrawley.com,info@superclassics.eu,superclassics,,unknown,candidate,
UK,The Classic Connection,,classic,,https://www.classicconnection.co.uk,sales@classicconnection.co.uk,superclassics,,unknown,candidate,
UK,The Classic Motor Hub,,classic,,http://classicmotorhub.com,info@classicmotorhub.com,superclassics,,unknown,candidate,
UK,The Hairpin Company,,classic,,https://www.thehairpincompany.co.uk,neil@thehairpincompany.co.uk,superclassics,,unknown,candidate,
UK,The Octane Collection,,exotic,,https://www.theoctanecollection.com,sales@theoctanecollection.com,superclassics,,unknown,candidate,
UK,The School Garage,,classic,,https://www.classiccarshop.co.uk,martin@classiccarshop.co.uk,superclassics,,unknown,candidate,
UK,The Supercar Rooms,,exotic,,https://www.thesupercarrooms.co.uk,sales@thesupercarrooms.co.uk,superclassics,,unknown,candidate,
UK,Tom Hartley Jnr,,classic,,https://www.tomhartleyjnr.com,info@tomhartleyjnr.com,superclassics,,unknown,candidate,
UK,Trojan Cars,,classic,,https://www.trojancars.co.uk,mark@trojancars.co.uk,superclassics,,unknown,candidate,
UK,Veloce Classic and Sports Cars Ltd,,classic,,https://www.veloceclassic.com,veloceclassic@veloceclassic.com,superclassics,,unknown,candidate,
UK,Villiers Classics,,classic,,https://www.villiersclassics.com,sales@villiersclassics.com,superclassics,,unknown,candidate,
UK,Vintage & Prestige Classic Cars,,classic,,https://vandp.net,richard@vandp.net,superclassics,,unknown,candidate,
UK,Westcountry Classics,,classic,,https://westcountryclassics.com,westcountryclassics@btinternet.com,superclassics,,unknown,candidate,
UK,Will Stone Historic Cars,,classic,,https://www.willstonecars.com,sales@willstonecars.com,superclassics,,unknown,candidate,
UK,William I’Anson Ltd,,race;rally,,https://williamianson.com,cars@williamianson.com,superclassics,,unknown,candidate,
UK,William Loughran Ltd,,classic,,https://www.williamloughran.co.uk,sales@williamloughran.co.uk,superclassics,,unknown,candidate,
UK,Woldside Classic & Sports Car,,classic,,https://www.woldsideclassics.co.uk,sales@woldsideclassics.co.uk,superclassics,,unknown,candidate,
UK,Yorkshire Classic Car Centre,,classic,,https://www.yorkshireclassiccarcentre.co.uk,yorkshirecartrade@outlook.com,superclassics,,unknown,candidate,
UK,Yorkshire Classic & Sports Cars,,classic,,https://ycsc.co.uk,sales@ycsc.co.uk,superclassics,,unknown,candidate,
FR,Absolut Cars Consulting,Beure,exotic,,https://www.absolutcarsconsulting.com,contact@absolutcarsconsulting.com,superclassics,,unknown,candidate,
FR,AC Youngtimer,Saint-Jean-d'Illac,classic,,https://www.ac-youngtimer.fr,contact@ac-youngtimer.fr,superclassics,,unknown,candidate,
FR,Artmotors,Saint-Amand-Montrond,classic,,https://www.artmotors.fr,artmotors18@gmail.com,superclassics,,unknown,candidate,
FR,Ascott Collection,Gazeran,race;rally,,https://www.ascottcollection.com,cars@ascottcollection.com,superclassics,,unknown,candidate,
FR,Asphalt Classics,Orgon,classic,,https://www.asphaltclassics.com,office@asphaltclassics.com,superclassics,,unknown,candidate,
FR,Atelier 46,Courbevoie,classic,,https://www.atelier46.fr,contact@atelier46.fr,superclassics,,unknown,candidate,
FR,Autodrome Cannes,Cannes,exotic,,http://www.autodrome-cannes.com,autodromecannes@orange.fr,superclassics,,unknown,candidate,
FR,Bourgogne Auto Classic,Le Villars,classic,,http://bourgogne-auto-classic.fr,contact@bourgogne-auto-classic.fr,superclassics,,unknown,candidate,
FR,Boyards,Cannes,classic,,http://www.boyards.com,info@boyards.com,superclassics,,unknown,candidate,
FR,Bretagne Roadster,Cherbourg-en-Cotentin,classic,,http://www.bretagneroadster.com,info@superclassics.eu,superclassics,,unknown,candidate,
FR,Bullit Racing & Classic,,classic,,https://www.bullit-racing.com,bullitracer@gmail.com,superclassics,,unknown,candidate,
FR,Calvados Auto Retro,Lisieux,classic,,https://calvados-autoretro.fr,patrick.rencurosi@yahoo.fr,superclassics,,unknown,candidate,
FR,CarJager,,classic,,https://www.carjager.com,hello@carjager.com,superclassics,,unknown,candidate,
FR,Casting Automobiles,Paris,classic,,http://castingautomobilesclassic.com,casting@castingautomobiles.com,superclassics,,unknown,candidate,
FR,Cecil Cars,Ollainville,classic,,http://www.cecil-cars.com,p.collin@cecil-cars.com,superclassics,,unknown,candidate,
FR,CforCar Biarritz,Arbonne,classic,,https://www.cforcar.fr,philippe@cforcar.fr,superclassics,,unknown,candidate,
FR,Classic Car Design,Alès,classic,,https://www.classiccardesign.fr,contact@classiccardesign.fr,superclassics,,unknown,candidate,
FR,Classic Cars Company,Honfleur,classic,,https://classiccarscompany.fr,contact@classiccarscompany.fr,superclassics,,unknown,candidate,
FR,Classic Cruising,Guérande,classic,,https://www.classic-cruising-automobile.com,classic.cruising.auto@gmail.com,superclassics,,unknown,candidate,
FR,Classic Racing Cars by Geoffroy Peter,Paris,race;rally,,https://www.peterclassicracingcars.com,geoffroy.peter@peter.fr,superclassics,,unknown,candidate,
FR,Collection Privée Automobile,Toulon,classic,,http://www.collection-privee-automobile.com,cedric@collection-privee-automobile.com,superclassics,,unknown,candidate,
FR,Cross Channel Sports Cars,Puteaux,classic,,https://www.ccsportscars.fr,info@ccsportscars.fr,superclassics,,unknown,candidate,
FR,De Widehem Automobiles,Montigny-le-Bretonneux,classic,,https://www.dewidehem.fr,contact@dewidehem.fr,superclassics,,unknown,candidate,
FR,Eleven Cars,Paris,classic,,http://eleven-cars.com,gr@eleven-cars.com,superclassics,,unknown,candidate,
FR,Equipe Europe,Ozouer-le-Voulgis France,race;rally,,https://www.equipeeurope.com,gmahe89@gmail.com,superclassics,,unknown,candidate,
FR,European Vintage Cars,Plouhinec,classic,,https://european-vintage-cars.com,europeanvintagecars.contact@gmail.com,superclassics,,unknown,candidate,
FR,Future Classics,Paris,classic,,http://www.futureclassics.fr,contact@futureclassics.fr,superclassics,,unknown,candidate,
FR,Garage Concept Store,Saint-Gaudens,classic,,http://garageconceptstore.com,garage.conceptstore@gmail.com,superclassics,,unknown,candidate,
FR,Garage de Saragosse,Foëcy,classic,,https://www.garage-de-saragosse.fr,paul.ponroy@gmail.com,superclassics,,unknown,candidate,
FR,GT Passion Automobiles,Verrières-en-Anjou,classic,,http://gt-passion.net,gtpassion.angers@wanadoo.fr,superclassics,,unknown,candidate,
FR,GT Spirit,La Boisse,classic,,https://www.gt-spirit.fr,contact@gt-spirit.fr,superclassics,,unknown,candidate,
FR,GT Vintage Classic Cars,Marcq,classic,,http://www.gt-vintage.com,contact@gt-vintage.com,superclassics,,unknown,candidate,
FR,Guikas GTC,Carnoux-en-Provence,classic,,http://www.gtc-collection-cars.com,gtc@guikasgtc.com,superclassics,,unknown,candidate,
FR,Héritage Automobiles,Neuilly-sur-Seine,classic,,https://heritage-automobiles.fr,sophie@heritage–automobiles.fr,superclassics,,unknown,candidate,
FR,Heritage Motors Cars,Paris,classic,,http://www.heritagemotorscars.com,contact@heritagemc.com,superclassics,,unknown,candidate,
FR,Historic Cars,Paris,classic,,https://www.historiccars.fr,info@historiccars.fr,superclassics,,unknown,candidate,
FR,Jean Lain Heritage,Grésy-sur-Aix,classic,,https://www.jeanlainheritage.com,contactatelier@jeanlainvintage.com,superclassics,,unknown,candidate,
FR,Lamorlaye Automobiles,Lamorlaye,classic,,https://www.lamorlayeautomobiles.fr,renaud.truel@lamorlayeautomobiles.fr,superclassics,,unknown,candidate,
FR,Le Musee,Nantes,classic,,http://www.le-musee.com,contact@le-musee.fr,superclassics,,unknown,candidate,
FR,Le p’tit garage de papa,Crest,classic,,https://www.leptitgaragedepapa.com,contact@leptitgaragedepapa.com,superclassics,,unknown,candidate,
FR,Mécaniques Modernes & Classiques,Paris,classic,,https://www.mmc-paris.com,info@mmc-paris.com,superclassics,,unknown,candidate,
FR,My Vintage Car,Ménilles,classic,,https://www.my-vintage-car.com,myvintagecar.contact@gmail.com,superclassics,,unknown,candidate,
FR,Nache Automobiles,Aigné,classic,,https://nache-automobiles.com,contact@nache-automobiles.com,superclassics,,unknown,candidate,
FR,Old Barn Motors,Mundolsheim,classic,,http://old-barn-motors.com,contact@old-barn-motors.com,superclassics,,unknown,candidate,
FR,Old Speed Classics,Bordeaux,classic,,https://www.oldspeed-classics.com,oldspeedclassix@gmail.com,superclassics,,unknown,candidate,
FR,Paris Motors Legend,Paris,classic,,https://www.parismotorslegend.com,contact@parismotorslegend.com,superclassics,,unknown,candidate,
FR,Paul’s Classic Cars,Créances,classic,,http://www.pauls-classic-cars.fr,paul.ancelin@yahoo.fr,superclassics,,unknown,candidate,
FR,Pessac Automobiles,Bègles,classic,,https://www.pessacautomobilesclassic.com,pessaco33@aol.com,superclassics,,unknown,candidate,
FR,Revival Motors,La Celle-Saint-Cloud,classic,,https://revival-motors.com,jp@revival-motors.com,superclassics,,unknown,candidate,
FR,Royal Automobile,Paris,classic,,https://www.royalautomobile-paris.com,vdd@orange.fr,superclassics,,unknown,candidate,
FR,Severi Auto Classic,Saint Laurent du Var,classic,,,contact@gardiennage-auto.com,superclassics,,unknown,vetting,gardiennage-auto.com - verifier que c'est de la vente
FR,Sodep Vintage Cars,Meyzieu,classic,,https://www.sodepvc.fr,speinetti@orange.fr,superclassics,,unknown,candidate,
FR,Tacquet Car Vintage,Carvin,classic,,https://www.tacquetcarvintage.com,contact@tacquetcarvintage.com,superclassics,,unknown,candidate,
FR,Tim Classic,Courbevoie,classic,,https://timclassic.fr,guillaumetimclassic@gmail.com,superclassics,,unknown,candidate,
FR,Véhicules de Collection and Co,Berre-l'Étang,classic,,https://voitures2collection.com,contact@voitures2collection.com,superclassics,,unknown,candidate,
FR,Victoire Vintage Automobiles,Chemin de la Muscatelle,classic,,https://victoirevintageautomobiles.com,reneogna@victoirevintageautomobiles.com,superclassics,,unknown,candidate,
IT,Aquarama BeC,Perugia,classic,,http://www.aquaramabec.com,info@aquaramabec.com,superclassics,,unknown,candidate,
IT,Auto CM – Auto di lusso e d’epoca,Vigonza,classic,,https://autocm.it,info@autocm.it,superclassics,,unknown,candidate,
IT,Auto Spinetti Grandi Marche Srl,Montecatini Terme,classic,,http://www.autospinetti.it,autospinetti@gmail.com,superclassics,,unknown,candidate,
IT,Autobase S.R.L.,Parma,classic,,http://www.autobaseparma.com,info@autobaseparma.it,superclassics,,unknown,candidate,
IT,AutoClass,Capriolo,classic,,https://www.autoclass.com,info@auto-class.net,superclassics,,unknown,candidate,
IT,Autoieri,Dronero,classic,,http://www.autoieri.eu,info@autoieri.eu,superclassics,,unknown,candidate,
IT,Autovergiate,Vergiate,exotic,,https://www.autovergiate.it,andrea.rossi@autovergiate.it,superclassics,,unknown,candidate,
IT,Cristiano Luzzago consulente auto classiche,Roncadelle,classic,,https://www.cristianoluzzago.it,info@cristianoluzzago.it,superclassics,,unknown,candidate,
IT,DG Classic Cars,Podenzano,classic,,https://www.dgclassiccars.com,contact@dgclassiccars.com,superclassics,,unknown,candidate,
IT,Finati 1966 Srls,Udine,classic,,https://www.finati1966.com,maurizio@finati1966.com,superclassics,,unknown,candidate,
IT,Garage 61 S.R.L.,Zona Produttiva San Michele-zona Mil,classic,,https://garage61.it,info@garage61.it,superclassics,,unknown,candidate,
IT,Giro Classico SrlS,Schio,classic,,https://www.giroclassico.com,info@giroclassico.com,superclassics,,unknown,candidate,
IT,Gruppo Promotor S.r.l.,Ferrara,classic,,http://www.gruppopromotor.com,info@gruppopromotor.com,superclassics,,unknown,candidate,
IT,G&T Auto Srl,Villorba,classic,,https://www.getauto.it,info@getauto.it,superclassics,,unknown,candidate,
IT,Gulfblue.it,Bologna,classic,,https://www.gulfblue.it,e.rondinelli@gulfblue.it,superclassics,,unknown,candidate,
IT,Luzzago 1975 Srl,Roncadelle,classic,,http://www.luzzago.com,info@luzzago.com,superclassics,,unknown,candidate,
IT,Nuova City Motors S.r.l.,Pianezza,classic,,http://www.citymotors.comm.it,citymotors@comm.it,superclassics,,unknown,candidate,
IT,Old Factory Garage,,classic,,https://oldfactorygarage.com,info@oldfactorygarage.com,superclassics,,unknown,candidate,
IT,Passione Classica Sas di Vigolo Matteo Mario & C.,Longare VI,classic,,http://www.passioneclassica.com,info@passioneclassica.com,superclassics,,unknown,candidate,
IT,Roberto Menegatto,Firenze,classic,,http://www.menegattocarservice.com,info@menegattocarservice.com,superclassics,,unknown,candidate,
IT,Ruote da Sogno SRL,Reggio Emilia,classic,,https://www.ruotedasogno.com,info@ruotedasogno.com,superclassics,,unknown,candidate,
IT,Top Marques Deluxe Car,Bassano del Grappa,classic,,https://www.topmarques.it,info@topmarques.it,superclassics,,unknown,candidate,
IT,Tramonti Diffusion Cars srl,Ravenna,exotic,,http://www.tramontidiffusion.it,tramontidiffusion@gmail.com,superclassics,,unknown,candidate,
CH,Andreas Wüest AG,Hallwil,classic,,https://andreaswuest.com,andreas@andreaswuest.com,superclassics,,unknown,candidate,
CH,Auto Vogel & Partner AG,BP Breda,classic,,,info@epaca.nl,superclassics,,unknown,vetting,site a confirmer - extrait=plateforme epaca.nl
CH,cartech.ch autotechnik ag,Chur,classic,,https://www.cartech.ch,info@cartech.ch,superclassics,,unknown,candidate,
CH,Carugati Automobiles SA,Plan-les-Ouates,classic,,https://www.carugati.ch,info@carugati.ch,superclassics,,js-cf,watch,Cloudflare/JS - dette connue
CH,Classic Automobile Vogel,Roggwil,classic,,https://automobilevogel.ch,info@automobilevogel.ch,superclassics,,unknown,candidate,
CH,classic-autos.ch,Gommiswald,classic,,https://www.classic-autos.ch,mail@classic-autos.ch,superclassics,,unknown,candidate,
CH,Elite Garage AG Zuzwil,Zuzwil,classic,,https://www.elite-zuzwil.ch,info@elite-zuzwil.ch,superclassics,,unknown,candidate,
CH,Fine Cars,Muhen,classic,,https://finecars.ch,info@finecars.ch,superclassics,,unknown,candidate,
CH,Galantica Collection,Sitten,classic,,http://www.galantica-collection.ch,info@galantica-collection.ch,superclassics,,unknown,candidate,
CH,Galvatrading Oldtimer & Classic Car,Ibach SZ,classic,,https://www.galvatrading.com,info@galvatrading.com,superclassics,,unknown,candidate,
CH,Goldtimer AG,Reinach,classic,,https://www.goldtimerag.ch,info@goldtimerag.ch,superclassics,,unknown,candidate,
CH,Lukas Hüni AG,Zürich,classic,,https://lukashuniag.ch,cars@lukashuniag.ch,superclassics,,unknown,candidate,
CH,Oldierama AG,Luzern,classic,,https://www.oldierama.ch,info@oldierama.ch,superclassics,,unknown,candidate,
CH,Phakos Motors AG,Bern,classic,,https://phakosmotors.ch,info@phakosmotors.ch,superclassics,,unknown,candidate,
CH,Promocar automobili,Agno,classic,,https://promocar.swiss,info@promocarautomobili.ch,superclassics,,unknown,candidate,
CH,Touring Garage AG,Oberweningen,classic,,https://www.oldtimers.ch,info@oldtimers.ch,superclassics,,unknown,candidate,
CH,Via Thema,Geneva,classic,,http://www.viathema.com,jb@viathema.com,superclassics,,unknown,candidate,
CH,Wres AG,Klingnau,classic,,http://wresclassics.ch,classics@wres.ch,superclassics,,unknown,candidate,
AT,Auto Reiter GmbH,Fohnsdorf,classic,,http://www.auto-reiter.at,office@auto-reiter.at,superclassics,,unknown,candidate,
AT,Car Loft Fahrzeughandel GmbH,Ebenau,classic,,http://www.carloft.at,office@carloft.at,superclassics,,unknown,candidate,
AT,Carinti Classic Cars,Brückl,classic,,http://www.cc-cars.at,office@cc-cars.at,superclassics,,unknown,candidate,
AT,EBBC Oldtimer GmbH,Wien,classic,,https://www.ebbc-oldtimer.at,office@ebbc-oldtimer.at,superclassics,,unknown,candidate,
AT,Excellentclassics GmbH,Innsbruck,classic,,https://excellentclassics.at,info@excellentclassics.at,superclassics,,unknown,candidate,
AT,Jochen 70,Vienna,classic,,http://www.jochen70.com,office@jochen70.com,superclassics,,unknown,candidate,
AT,OK-Classic GmbH,Sankt Andrä-Wördern,classic,,https://ok-classic.at,ok-classic@outlook.com,superclassics,,unknown,candidate,
AT,Oldie Point GmbH,Bruck an der Leitha,classic,,https://www.oldie-point.at,office@oldie-point.at,superclassics,,unknown,candidate,
AT,Sportwagenhaus,Linz,classic,,https://www.sportwagenhaus.at,office@sportwagenhaus.at,superclassics,,unknown,candidate,
AT,Steiner & Partner Classic Cars GmbH,Vienna,classic,,https://www.steiner-classic-cars.com,sales@steiner-classic-cars.com,superclassics,,unknown,candidate,
BE,AD Sportscars,Zaventem,classic,,https://adsportscars.com,info@adsportscars.com,superclassics,,unknown,candidate,
BE,Albert Michel,La Louvière,classic,,http://www.albertmichel.be,info@albertmichel.be,superclassics,,unknown,candidate,
BE,Beau-Car,Wommelgem,classic,,https://www.beau-car.com,info@beau-car.com,superclassics,,unknown,candidate,
BE,Belrose Classics,Geel,classic,,https://belroseclassics.com,michele@belroseclassics.com,superclassics,,unknown,candidate,
BE,Car Cave,Zonhoven,classic,,https://www.carcave.be,info@carcave.be,superclassics,,unknown,candidate,
BE,Classic 42,Ixelles,classic,,https://classic42.be,d.kervyn@classic42.be,superclassics,,unknown,candidate,
BE,Classic Legends Circle,Waregem,classic,,https://www.classiclegends.be,info@classiclegends.be,superclassics,,unknown,candidate,
BE,Classiccarhouse,Zonhoven,classic,,http://www.classiccarhouse.com,info@classiccarhouse.com,superclassics,,unknown,candidate,
BE,Classics2drive BVBA,Brugge,classic,,http://classics2drive.com,info@classics2drive.com,superclassics,,unknown,candidate,
BE,Collection by Vermant,Mechelen,classic,,https://www.collectionbyvermant.be,info@collectionbyvermant.be,superclassics,,unknown,candidate,
BE,Deman Brussels,Auderghem,classic,,https://www.demanbrussels.be,info@demanbrussels.be,superclassics,,unknown,candidate,
BE,DriveCity,Nivelles,classic,,https://drivecity.be,nn@drivecity.be,superclassics,,unknown,candidate,
BE,Gentleman Car spl,Soumagne,classic,,https://gentlemancar.be,info@gentlemancar.com,superclassics,,unknown,candidate,
BE,House of Cars,La Hulpe,classic,,https://www.houseofcars.be,info@houseofcars.be,superclassics,,unknown,candidate,
BE,KGC Automobiles,Wijnegem,classic,,https://www.kgc-automobiles.com,kc@kgc-automobiles.com,superclassics,,unknown,candidate,
BE,Lekeux Classic Cars,Mont-Saint-Guibert,classic,,https://www.lekeux.be,lekeuxarnaud@gmail.com,superclassics,,unknown,candidate,
BE,LM Sportcars,Genk,classic,,https://www.lmsportcars.be,info@lmsportcars.be,superclassics,,unknown,candidate,
BE,Machines with a Mission,Lanaken,race;rally,,https://machineswithamission.com,mike@machineswithamission.com,superclassics,,unknown,candidate,
BE,Marcel Roks Consultants,Baarle-Hertog,classic,,http://mroks.com,classics@mroks.com,superclassics,,unknown,candidate,
BE,Mecanic Import,Sint-Truiden,classic,,http://www.mecanicimport.com,info@mecanicimport.com,superclassics,,unknown,candidate,
BE,Nijsmans Classic Cars,Deurne,classic,,https://www.nijsmans.com,info@nijsmans.com,superclassics,,unknown,candidate,
BE,Octane Evo,Carnières,classic,,https://www.octane-evo.com,info@octane-evo.com,superclassics,,unknown,candidate,
BE,Officina Caira,,race;rally,,https://www.officinacaira.com,info@officinacaira.com,superclassics,,unknown,candidate,
BE,Oldtimer Maasland,Dilsen-Stokkem,classic,,https://www.oldtimermaasland.be,info@oldtimermaasland.be,superclassics,,unknown,candidate,
BE,Oldtimerfarm BVBA,Aalter,classic,,https://www.oldtimerfarm.be,info@oldtimerfarm.be,superclassics,,unknown,candidate,
BE,Oldtimers Gilis,Aarschot,classic,,http://ww2.oldtimersgilis.be,dirk@oldtimersgilis.be,superclassics,,unknown,candidate,
BE,PCH Automotive,Liège,classic,,https://www.pch-automotive.be,info@pch-automotive.be,superclassics,,unknown,candidate,
BE,Q Classic Cars,Duffel,classic,,https://qclassiccars.be,jef@qclassiccars.be,superclassics,,unknown,candidate,
BE,Retro-City,Kapellen,classic,,https://www.retro-city.be,info@retro-city.be,superclassics,,unknown,candidate,
BE,RMD bvba,Schoten,race;rally,,http://www.rmd.be,salesinfo@rmd.be,superclassics,,unknown,candidate,
BE,Rock ‘n Roll Classics,Brugge,classic,,https://www.rnrclassics.be,onthaal@rnrclassics.be,superclassics,,unknown,candidate,
BE,Speed 8 Classics Sales & Service,Malle,classic,,https://www.speed8classics.com,info@speed8classics.com,superclassics,,unknown,candidate,
BE,The Paddocks,Wijnegem,classic,,https://www.thepaddocks.be,info@paddocks.be,superclassics,,unknown,candidate,
BE,TURN8,Waregem,classic,,https://www.turn8cars.com,gilles@turn8cars.com,superclassics,,unknown,candidate,
ES,Auto Storica,Sant Boi de Llobregat,classic,,https://www.auto-storica.com,auto-storica@auto-storica.com,superclassics,,unknown,candidate,
ES,Autosalón Valencia,Valencia,classic,,http://www.autosalon-valencia.com,ventas@autosalon-valencia.com,superclassics,,unknown,candidate,
ES,Car Corral,Barcelona,classic,,http://www.carcorral.es,amorera@carcorral.es,superclassics,,unknown,candidate,
ES,Clasicos Lamarc,Alcorcón,classic,,https://www.clasicoslamarc.com,clasicoslamarc@hotmail.es,superclassics,,unknown,candidate,
ES,Clasicos Top Car,Vigo,classic,,http://www.clasicostopcar.com,info@clasicostopcar.com,superclassics,,unknown,candidate,
ES,Coast Classics,Estepona,classic,,https://www.coast-classics.com,classics@coast-classics.com,superclassics,,unknown,candidate,
ES,De Blaye Exotics,Barcelona,classic,,https://www.deblaye.com,info@deblaye.com,superclassics,,unknown,candidate,
ES,Época Motor,Sant Celoni,classic,,https://www.epocamotor.com,epocamotor@gmail.com,superclassics,,unknown,candidate,
ES,Leadercar Levante SL,Riba-roja de Túria,classic,,https://www.leadercarlevante.com,leadercarlevante@gmail.com,superclassics,,unknown,candidate,
ES,Retrosport SL,Azuqueca de Henares,classic,,http://www.retrosport.es,info@retrosport.es,superclassics,,unknown,candidate,
SE,Auto Classica of Sweden AB,,classic,,https://www.autoclassica.com,mats@autoclassica.com,superclassics,,unknown,candidate,
SE,Classix by Schiebler,,classic,,http://www.classix.se,michael@classix.se,superclassics,,unknown,candidate,
SE,Söderström Classic Sportscar,Limhamn,classic,,https://www.s-classics.com,info@s-classics.com,superclassics,,unknown,candidate,
SE,Ucars exclusive AB,,exotic,,https://ucars.se,bilforsaljning@ucars.se,superclassics,,unknown,candidate,
DK,CC Cars,Silkeborg,classic,,https://www.cc-cars.dk,info@cc-cars.dk,superclassics,,unknown,candidate,
DK,Copenhagen Classic Garage,Skovlunde,classic,,https://www.ccgarage.dk,info@ccgarage.dk,superclassics,,unknown,candidate,
DK,DK Classic Cars,Tommerup,classic,,https://www.dkclassiccars.dk,salg@dkclassiccars.dk,superclassics,,unknown,candidate,
DK,Læborg Autohandel,Vejen,classic,,http://laeborg-autohandel.dk,post@laeborg-autohandel.dk,superclassics,,unknown,candidate,
DK,MLA Motors A/S,Hellerup,classic,,https://www.bernthansen.dk,service@mlamotors.dk,superclassics,,unknown,candidate,
DK,Selected Car Investment,Middelfart,classic,,https://scinvestment.dk,info@scinvestment.dk,superclassics,,unknown,candidate,
DK,Stelvio Automobili,Måløv,classic,,https://stelvio.dk,info@stelvio.dk,superclassics,,unknown,candidate,
PT,FS Automóveis,,classic,,https://fsautomoveis.com,geral@fsautomoveis.com,superclassics,,unknown,candidate,
PT,Interclássicos,,classic,,https://www.interclassico.com,interclassico@interclassico.com,superclassics,,unknown,candidate,
PL,Classic Motors,,classic,,,info@classicmotors.pl,superclassics,,unknown,vetting,classicparts.pl - verifier que c'est de la vente
IE,David Golding Classic and Vintage,,classic,,http://www.classicandvintage.ie,sales@classicandvintage.ie,superclassics,,unknown,candidate,
IE,Deane Motors,,classic,,https://deanemotors.ie,info@deanemotors.ie,superclassics,,unknown,candidate,
IE,Mr Darcy’s classics ltd,,classic,,http://www.mrdarcysclassics.com,info@mrdarcysclassics.com,superclassics,,unknown,candidate,
LU,Art & Revs,Hesperange,classic,,http://www.artandrevs.com,contact@artandrevs.com,superclassics,,unknown,candidate,
LU,CarXpert,Sandweiler,classic,,http://www.carxpert.lu,contact@carxpert.lu,superclassics,,unknown,candidate,
LU,LL Classic Cars,,classic,,https://llclassiccars.com,info@llclassiccars.com,superclassics,,unknown,candidate,
EU,Racemarket.net,,race;rally,competition,https://racemarket.net,,aggregator,,js-cf,watch,multi-vendeurs - check TDM+JS
UK,Motorsport Auctions,,race;rally,competition,https://www.motorsportauctions.com,,aggregator,,unknown,watch,
EU,Race Rally Global,,rally,historic-rally,https://www.racerallyglobal.net,,aggregator,,unknown,watch,multi-vendeurs
